"1","AB",11,"ALBERTA"
"2","AB",1,"ALBERTA"
"3","AB",6,"ALBERTA"
"1","AFB",1,"AIR FORCE BASE"
"1","A F B",1,"AIR FORCE BASE"
"1","AIR FORCE BASE",1,"AIR FORCE BASE"
"1","AK",11,"ALASKA"
"2","AK",1,"ALASKA"
"3","AK",6,"ALASKA"
"1","AL",11,"ALABAMA"
"2","AL",1,"ALABAMA"
"3","AL",6,"ALABAMA"
"1","ALA",11,"ALABAMA"
"2","ALA",1,"ALABAMA"
"3","ALA",6,"ALABAMA"
"1","ALABAMA",11,"ALABAMA"
"2","ALABAMA",1,"ALABAMA"
"1","ALASKA",11,"ALASKA"
"2","ALASKA",1,"ALASKA"
"1","ALBERTA",11,"ALBERTA"
"2","ALBERTA",1,"ALBERTA"
"1","AR",11,"ARKANSAS"
"2","AR",1,"ARKANSAS"
"3","AR",6,"ARKANSAS"
"1","ARIZ",11,"ARIZONA"
"2","ARIZ",1,"ARIZONA"
"3","ARIZ",6,"ARIZONA"
"1","ARIZONA",11,"ARIZONA"
"2","ARIZONA",1,"ARIZONA"
"1","ARK",11,"ARKANSAS"
"2","ARK",1,"ARKANSAS"
"3","ARK",6,"ARKANSAS"
"1","ARKANSAS",11,"ARKANSAS"
"2","ARKANSAS",1,"ARKANSAS"
"1","AZ",11,"ARIZONA"
"2","AZ",1,"ARIZONA"
"3","AZ",6,"ARIZONA"
"1","B C",11,"BRITISH COLUMBIA"
"2","B C",1,"BRITISH COLUMBIA"
"3","B C",6,"BRITISH COLUMBIA"
"1","BC",11,"BRITISH COLUMBIA"
"2","BC",1,"BRITISH COLUMBIA"
"3","BC",6,"BRITISH COLUMBIA"
"1","BRITISH COLUMBIA",11,"BRITISH COLUMBIA"
"2","BRITISH COLUMBIA",1,"BRITISH COLUMBIA"
"1","CA",11,"CALIFORNIA"
"2","CA",1,"CALIFORNIA"
"3","CA",6,"CALIFORNIA"
"4","CA",12,"CANADA"
"5","CA",2,"CARRE"
"1","CALIF",11,"CALIFORNIA"
"2","CALIF",1,"CALIFORNIA"
"3","CALIF",6,"CALIFORNIA"
"1","CALIFORNIA",11,"CALIFORNIA"
"2","CALIFORNIA",1,"CALIFORNIA"
"1","CANADA",12,"CANADA"
"2","CANADA",1,"CANADA"
"1","CO",11,"COLORADO"
"2","CO",1,"COLORADO"
"3","CO",6,"COLORADO"
"1","COLOMBIE BRITANNIQUE",11,"BRITISH COLUMBIA"
"2","COLOMBIE BRITANNIQUE",1,"BRITISH COLUMBIA"
"1","COLORADO",11,"COLORADO"
"2","COLORADO",1,"COLORADO"
"1","CONN",11,"CONNECTICUT"
"2","CONN",1,"CONNECTICUT"
"3","CONN",6,"CONNECTICUT"
"1","CONNECTICUT",11,"CONNECTICUT"
"2","CONNECTICUT",1,"CONNECTICUT"
"1","CT",11,"CONNECTICUT"
"2","CT",1,"CONNECTICUT"
"3","CT",6,"CONNECTICUT"
"1","DC",11,"DISTRICT OF COLUMBIA"
"2","DC",1,"DISTRICT OF COLUMBIA"
"3","DC",6,"DISTRICT OF COLUMBIA"
"1","DE",11,"DELAWARE"
"3","DE",1,"DELAWARE"
"1","DEL",11,"DELAWARE"
"2","DEL",1,"DELAWARE"
"3","DEL",6,"DELAWARE"
"1","DELAWARE",11,"DELAWARE"
"2","DELAWARE",1,"DELAWARE"
"1","DISTRICT OF COLUMBIA",11,"DISTRICT OF COLUMBIA"
"2","DISTRICT OF COLUMBIA",1,"DISTRICT OF COLUMBIA"
"1","FL",11,"FLORIDA"
"2","FL",1,"FLORIDA"
"3","FL",6,"FLORIDA"
"1","FLA",11,"FLORIDA"
"2","FLA",1,"FLORIDA"
"3","FLA",6,"FLORIDA"
"1","FLORIDA",11,"FLORIDA"
"2","FLORIDA",1,"FLORIDA"
"1","FRKS",1,"FORKS"
"1","GA",11,"GEORGIA"
"2","GA",1,"GEORGIA"
"3","GA",6,"GEORGIA"
"1","GEORGIA",11,"GEORGIA"
"2","GEORGIA",1,"GEORGIA"
"1","HAWAII",11,"HAWAII"
"2","HAWAII",1,"HAWAII"
"1","HI",11,"HAWAII"
"2","HI",1,"HAWAII"
"3","HI",6,"HAWAII"
"1","IA",11,"IOWA"
"2","IA",1,"IOWA"
"3","IA",6,"IOWA"
"1","ID",11,"IDAHO"
"2","ID",1,"IDAHO"
"3","ID",6,"IDAHO"
"1","IDAHO",11,"IDAHO"
"2","IDAHO",1,"IDAHO"
"1","IL",11,"ILLINOIS"
"2","IL",1,"ILLINOIS"
"3","IL",6,"ILLINOIS"
"1","ILE DU PRINCE EDOUARD",11,"PRINCE EDWARD ISLAND"
"2","ILE DU PRINCE EDOUARD",1,"PRINCE EDWARD ISLAND"
"1","ILL",11,"ILLINOIS"
"2","ILL",1,"ILLINOIS"
"3","ILL",6,"ILLINOIS"
"1","ILLINOIS",11,"ILLINOIS"
"2","ILLINOIS",1,"ILLINOIS"
"1","IN",11,"INDIANA"
"2","IN",1,"INDIANA"
"3","IN",6,"INDIANA"
"1","IND",11,"INDIANA"
"2","IND",1,"INDIANA"
"2","IND",6,"INDIANA"
"1","INDIANA",11,"INDIANA"
"2","INDIANA",1,"INDIANA"
"1","IOWA",11,"IOWA"
"2","IOWA",1,"IOWA"
"1","KANSAS",11,"KANSAS"
"2","KANSAS",1,"KANSAS"
"1","KENT",11,"KENTUCKY"
"2","KENT",1,"KENTUCKY"
"3","KENT",6,"KENTUCKY"
"1","KENTUCKY",11,"KENTUCKY"
"2","KENTUCKY",1,"KENTUCKY"
"1","KS",11,"KANSAS"
"2","KS",1,"KANSAS"
"3","KS",6,"KANSAS"
"1","KY",11,"KENTUCKY"
"2","KY",1,"KENTUCKY"
"3","KY",6,"KENTUCKY"
"1","LA",11,"LOUISIANA"
"2","LA",1,"LOUISIANA"
"3","LA",6,"LOUISIANA"
"1","LABRADOR",11,"NEWFOUNDLAND AND LABRADOR"
"2","LABRADOR",1,"NEWFOUNDLAND AND LABRADOR"
"1","LOUISIANA",11,"LOUISIANA"
"2","LOUISIANA",1,"LOUISIANA"
"1","MA",11,"MASSACHUSETTS"
"2","MA",1,"MASSACHUSETTS"
"3","MA",6,"MASSACHUSETTS"
"4","MA",2,"MANOR"
"1","MAINE",11,"MAINE"
"2","MAINE",1,"MAINE"
"1","MANITOBA",11,"MANITOBA"
"2","MANITOBA",1,"MANITOBA"
"1","MARYLAND",11,"MARYLAND"
"2","MARYLAND",1,"MARYLAND"
"1","MASS",11,"MASSACHUSETTS"
"2","MASS",1,"MASSACHUSETTS"
"3","MASS",6,"MASSACHUSETTS"
"1","MASSACHUSETTS",11,"MASSACHUSETTS"
"2","MASSACHUSETTS",1,"MASSACHUSETTS"
"1","MB",11,"MANITOBA"
"2","MB",1,"MANITOBA"
"3","MB",6,"MANITOBA"
"1","MD",11,"MARYLAND"
"2","MD",1,"MARYLAND"
"3","MD",6,"MARYLAND"
"1","ME",11,"MAINE"
"2","ME",1,"MAINE"
"3","ME",6,"MAINE"
"1","MI",11,"MICHIGAN"
"2","MI",1,"MICHIGAN"
"3","MI",6,"MICHIGAN"
"1","MICH",11,"MICHIGAN"
"2","MICH",1,"MICHIGAN"
"3","MICH",6,"MICHIGAN"
"1","MICHIGAN",11,"MICHIGAN"
"2","MICHIGAN",1,"MICHIGAN"
"1","MINN",11,"MINNESOTA"
"2","MINN",1,"MINNESOTA"
"3","MINN",6,"MINNESOTA"
"1","MINNESOTA",11,"MINNESOTA"
"2","MINNESOTA",1,"MINNESOTA"
"1","MISSISSIPPI",11,"MISSISSIPPI"
"2","MISSISSIPPI",1,"MISSISSIPPI"
"1","MISSOURI",11,"MISSOURI"
"2","MISSOURI",1,"MISSOURI"
"1","MN",11,"MINNESOTA"
"2","MN",1,"MINNESOTA"
"3","MN",6,"MINNESOTA"
"1","MO",11,"MISSOURI"
"2","MO",1,"MISSOURI"
"3","MO",6,"MISSOURI"
"1","MONT",11,"MONTANA"
"2","MONT",1,"MONTANA"
"3","MONT",6,"MONTANA"
"1","MONTANA",11,"MONTANA"
"2","MONTANA",1,"MONTANA"
"1","MT",11,"MONTANA"
"2","MT",1,"MONTANA"
"3","MT",6,"MONTANA"
"1","MS",11,"MISSISSIPPI"
"2","MS",1,"MISSISSIPPI"
"3","MS",6,"MISSISSIPPI"
"1","N CAROLINA",11,"NORTH CAROLINA"
"2","N CAROLINA",1,"NORTH CAROLINA"
"1","N DAKOTA",11,"NORTH DAKOTA"
"2","N DAKOTA",1,"NORTH DAKOTA"
"1","NB",11,"NEW BRUNSWICK"
"2","NB",1,"NEW BRUNSWICK"
"3","NB",6,"NEW BRUNSWICK"
"1","NC",11,"NORTH CAROLINA"
"2","NC",1,"NORTH CAROLINA"
"3","NC",6,"NORTH CAROLINA"
"1","ND",11,"NORTH DAKOTA"
"2","ND",1,"NORTH DAKOTA"
"3","ND",6,"NORTH DAKOTA"
"1","NE",11,"NEBRASKA"
"2","NE",1,"NEBRASKA"
"3","NE",6,"NEBRASKA"
"1","NEB",11,"NEBRASKA"
"2","NEB",1,"NEBRASKA"
"3","NEB",6,"NEBRASKA"
"1","NEBRASKA",11,"NEBRASKA"
"2","NEBRASKA",1,"NEBRASKA"
"1","NEV",11,"NEVADA"
"2","NEV",1,"NEVADA"
"3","NEV",6,"NEVADA"
"1","NEVADA",11,"NEVADA"
"2","NEVADA",1,"NEVADA"
"1","NEW BRUNSWICK",11,"NEW BRUNSWICK"
"2","NEW BRUNSWICK",1,"NEW BRUNSWICK"
"1","NEW HAMPSHIRE",11,"NEW HAMPSHIRE"
"2","NEW HAMPSHIRE",1,"NEW HAMPSHIRE"
"1","NEW JERSEY",11,"NEW JERSEY"
"2","NEW JERSEY",1,"NEW JERSEY"
"1","NEW MEXICO",11,"NEW MEXICO"
"2","NEW MEXICO",1,"NEW MEXICO"
"1","NEW YORK",11,"NEW YORK"
"2","NEW YORK",1,"NEW YORK"
"1","NEWFOUNDLAND",11,"NEWFOUNDLAND AND LABRADOR"
"2","NEWFOUNDLAND",1,"NEWFOUNDLAND AND LABRADOR"
"1","NF",11,"NEWFOUNDLAND AND LABRADOR"
"2","NF",1,"NEWFOUNDLAND AND LABRADOR"
"3","NF",6,"NEWFOUNDLAND AND LABRADOR"
"1","NH",11,"NEW HAMPSHIRE"
"2","NH",1,"NEW HAMPSHIRE"
"3","NH",6,"NEW HAMPSHIRE"
"1","NJ",11,"NEW JERSEY"
"2","NJ",1,"NEW JERSEY"
"3","NJ",6,"NEW JERSEY"
"1","NL",11,"NEWFOUNDLAND AND LABRADOR"
"2","NL",1,"NEWFOUNDLAND AND LABRADOR"
"3","NL",6,"NEWFOUNDLAND AND LABRADOR"
"1","NM",11,"NEW MEXICO"
"2","NM",1,"NEW MEXICO"
"3","NM",6,"NEW MEXICO"
"1","NORTH CAROLINA",11,"NORTH CAROLINA"
"2","NORTH CAROLINA",1,"NORTH CAROLINA"
"1","NORTH DAKOTA",11,"NORTH DAKOTA"
"2","NORTH DAKOTA",1,"NORTH DAKOTA"
"1","NORTHWEST",22,"NORTHWEST"
"1","NORTHWEST TERRITORIES",11,"NORTHWEST TERRITORIES"
"2","NORTHWEST TERRITORIES",1,"NORTHWEST TERRITORIES"
"1","NOUVEAU BRUNSWICK",11,"NEW BRUNSWICK"
"2","NOUVEAU BRUNSWICK",1,"NEW BRUNSWICK"
"1","NOUVELLE ECOSSE",11,"NOVA SCOTIA"
"2","NOUVELLE ECOSSE",1,"NOVA SCOTIA"
"1","NOVA SCOTIA",11,"NOVA SCOTIA"
"2","NOVA SCOTIA",1,"NOVA SCOTIA"
"1","NS",11,"NOVA SCOTIA"
"2","NS",1,"NOVA SCOTIA"
"3","NS",6,"NOVA SCOTIA"
"1","NT",11,"NORTHWEST TERRITORIES"
"2","NT",1,"NORTHWEST TERRITORIES"
"3","NT",6,"NORTHWEST TERRITORIES"
"1","NU",11,"NUNAVUT"
"2","NU",1,"NUNAVUT"
"3","NU",6,"NUNAVUT"
"1","NUNAVUT",11,"NUNAVUT"
"2","NUNAVUT",1,"NUNAVUT"
"1","NV",11,"NEVADA"
"2","NV",1,"NEVADA"
"3","NV",6,"NEVADA"
"1","NY",11,"NEW YORK"
"2","NY",1,"NEW YORK"
"3","NY",6,"NEW YORK"
"1","OH",11,"OHIO"
"2","OH",1,"OHIO"
"3","OH",6,"OHIO"
"1","OHIO",11,"OHIO"
"2","OHIO",1,"OHIO"
"1","OK",11,"OKLAHOMA"
"2","OK",1,"OKLAHOMA"
"3","OK",6,"OKLAHOMA"
"1","OKLA",11,"OKLAHOMA"
"2","OKLA",1,"OKLAHOMA"
"3","OKLA",6,"OKLAHOMA"
"1","OKLAHOMA",11,"OKLAHOMA"
"2","OKLAHOMA",1,"OKLAHOMA"
"1","ON",11,"ONTARIO"
"2","ON",1,"ONTARIO"
"3","ON",6,"ONTARIO"
"1","ONT",11,"ONTARIO"
"2","ONT",1,"ONTARIO"
"3","ONT",6,"ONTARIO"
"1","ONTARIO",11,"ONTARIO"
"2","ONTARIO",1,"ONTARIO"
"1","OR",11,"OREGON"
"2","OR",1,"OREGON"
"3","OR",6,"OREGON"
"1","ORE",11,"OREGON"
"2","ORE",1,"OREGON"
"3","ORE",6,"OREGON"
"1","OREGON",11,"OREGON"
"2","OREGON",1,"OREGON"
"1","PA",11,"PENNSYLVANIA"
"2","PA",1,"PENNSYLVANIA"
"3","PA",6,"PENNSYLVANIA"
"1","PE",11,"PRINCE EDWARD ISLAND"
"2","PE",1,"PRINCE EDWARD ISLAND"
"3","PE",6,"PRINCE EDWARD ISLAND"
"1","PEI",11,"PRINCE EDWARD ISLAND"
"2","PEI",1,"PRINCE EDWARD ISLAND"
"3","PEI",6,"PRINCE EDWARD ISLAND"
"1","PENN",11,"PENNSYLVANIA"
"2","PENN",1,"PENNSYLVANIA"
"3","PENN",6,"PENNSYLVANIA"
"1","PENNA",11,"PENNSYLVANIA"
"2","PENNA",1,"PENNSYLVANIA"
"3","PENNA",6,"PENNSYLVANIA"
"1","PENNSYLVANIA",11,"PENNSYLVANIA"
"2","PENNSYLVANIA",1,"PENNSYLVANIA"
"1","PQ",11,"QUEBEC"
"2","PQ",1,"QUEBEC"
"3","PQ",6,"QUEBEC"
"1","PR",11,"PUERTO RICO"
"2","PR",1,"PUERTO RICO"
"3","PR",6,"PUERTO RICO"
"1","PRINCE EDWARD ISLAND",11,"PRINCE EDWARD ISLAND"
"2","PRINCE EDWARD ISLAND",1,"PRINCE EDWARD ISLAND"
"1","PUERTO RICO",11,"PUERTO RICO"
"2","PUERTO RICO",1,"PUERTO RICO"
"1","QC",11,"QUEBEC"
"2","QC",1,"QUEBEC"
"3","QC",6,"QUEBEC"
"1","QUEBEC",11,"QUEBEC"
"2","QUEBEC",1,"QUEBEC"
"1","RHODE ISLAND",11,"RHODE ISLAND"
"2","RHODE ISLAND",1,"RHODE ISLAND"
"1","RI",11,"RHODE ISLAND"
"2","RI",1,"RHODE ISLAND"
"3","RI",6,"RHODE ISLAND"
"1","S CAROLINA",11,"SOUTH CAROLINA"
"2","S CAROLINA",1,"SOUTH CAROLINA"
"1","S DAKOTA",11,"SOUTH DAKOTA"
"2","S DAKOTA",1,"SOUTH DAKOTA"
"1","SASK",11,"SASKATCHEWAN"
"2","SASK",1,"SASKATCHEWAN"
"1","SASKATCHEWAN",11,"SASKATCHEWAN"
"2","SASKATCHEWAN",1,"SASKATCHEWAN"
"1","SC",11,"SOUTH CAROLINA"
"2","SC",1,"SOUTH CAROLINA"
"3","SC",6,"SOUTH CAROLINA"
"1","SD",11,"SOUTH DAKOTA"
"2","SD",1,"SOUTH DAKOTA"
"3","SD",6,"SOUTH DAKOTA"
"1","SK",11,"SASKATCHEWAN"
"2","SK",1,"SASKATCHEWAN"
"3","SK",6,"SASKATCHEWAN"
"1","SOUTH CAROLINA",11,"SOUTH CAROLINA"
"2","SOUTH CAROLINA",1,"SOUTH CAROLINA"
"1","SOUTH DAKOTA",11,"SOUTH DAKOTA"
"2","SOUTH DAKOTA",1,"SOUTH DAKOTA"
"1","TENN",11,"TENNESSEE"
"2","TENN",1,"TENNESSEE"
"3","TENN",6,"TENNESSEE"
"1","TENNESSEE",11,"TENNESSEE"
"2","TENNESSEE",1,"TENNESSEE"
"1","TERRE NEUVE",11,"NEWFOUNDLAND"
"2","TERRE NEUVE",1,"NEWFOUNDLAND"
"1","TERRITOIRES DU NORD OUES",11,"NORTHWEST TERRITORIES"
"2","TERRITOIRES DU NORD OUES",1,"NORTHWEST TERRITORIES"
"1","TEX",11,"TEXAS"
"2","TEX",1,"TEXAS"
"3","TEX",6,"TEXAS"
"1","TEXAS",11,"TEXAS"
"2","TEXAS",1,"TEXAS"
"1","TN",11,"TENNESSEE"
"2","TN",1,"TENNESSEE"
"3","TN",6,"TENNESSEE"
"1","TX",11,"TEXAS"
"2","TX",1,"TEXAS"
"3","TX",6,"TEXAS"
"2","U S",1,"US"
"3","U S",12,"USA"
"1","U S A",12,"USA"
"1","UNITED STATES OF AMERICA",12,"USA"
"2","US",1,"US"
"3","US",12,"USA"
"1","USA",12,"USA"
"1","UT",11,"UTAH"
"2","UT",1,"UTAH"
"3","UT",6,"UTAH"
"1","UTAH",11,"UTAH"
"2","UTAH",1,"UTAH"
"1","VA",11,"VIRGINIA"
"2","VA",1,"VIRGINIA"
"3","VA",6,"VIRGINIA"
"1","VERMONT",11,"VERMONT"
"2","VERMONT",1,"VERMONT"
"1","VIRGINIA",11,"VIRGINIA"
"2","VIRGINIA",1,"VIRGINIA"
"1","VT",11,"VERMONT"
"2","VT",1,"VERMONT"
"3","VT",6,"VERMONT"
"1","W VIRGINIA",11,"WEST VIRGINIA"
"2","W VIRGINIA",1,"WEST VIRGINIA"
"1","WA",11,"WASHINGTON"
"2","WA",1,"WASHINGTON"
"3","WA",6,"WASHINGTON"
"1","WASH",11,"WASHINGTON"
"2","WASH",1,"WASHINGTON"
"3","WASH",6,"WASHINGTON"
"1","WASHINGTON",11,"WASHINGTON"
"2","WASHINGTON",1,"WASHINGTON"
"1","WEST VIRGINIA",11,"WEST VIRGINIA"
"2","WEST VIRGINIA",1,"WEST VIRGINIA"
"1","WI",11,"WISCONSIN"
"2","WI",1,"WISCONSIN"
"3","WI",6,"WISCONSIN"
"1","WISC",11,"WISCONSIN"
"2","WISC",1,"WISCONSIN"
"3","WISC",6,"WISCONSIN"
"1","WISCONSIN",11,"WISCONSIN"
"2","WISCONSIN",1,"WISCONSIN"
"1","WV",11,"WEST VIRGINIA"
"2","WV",1,"WEST VIRGINIA"
"3","WV",6,"WEST VIRGINIA"
"1","WY",11,"WYOMING"
"2","WY",1,"WYOMING"
"3","WY",6,"WYOMING"
"1","WYOMING",11,"WYOMING"
"2","WYOMING",1,"WYOMING"
"1","YK",11,"YUKON"
"2","YK",1,"YUKON"
"3","YK",6,"YUKON"
"1","YT",11,"YUKON"
"2","YT",1,"YUKON"
"3","YT",6,"YUKON"
"1","YUKON",11,"YUKON"
"2","YUKON",1,"YUKON"
"1","BOIS D ARC",10,"BOIS D ARC"
"1","BOIS D'ARC",10,"BOIS D ARC"
"1","CAMP H M SMITH",10,"CAMP H M SMITH"
"1","CAMP HM SMITH",10,"CAMP H M SMITH"
"1","COEUR D ALENE",10,"COEUR D ALENE"
"1","COEUR D'ALENE",10,"COEUR D ALENE"
"1","D HANIS",10,"D HANIS"
"1","D'HANIS",10,"D HANIS"
"1","EL PASO",10,"EL PASO"
"2","EL PASO",1,"EL PASO"
"1","FORT GEORGE G MEADE",10,"FORT GEORGE G MEADE"
"1","FORT GEORGE MEADE",10,"FORT GEORGE G MEADE"
"1","FORT MEADE",10,"FORT GEORGE G MEADE"
"1","LAND O LAKES",10,"LAND O LAKES"
"1","LAND O'LAKES",10,"LAND O LAKES"
"1","M C B H KANEOHE BAY",10,"M C B H KANEOHE BAY"
"1","MCBH KANEOHE BAY",10,"M C B H KANEOHE BAY"
"1","N VAN",10,"NORTH VANCOUVER"
"1","N VANCOUVER",10,"NORTH VANCOUVER"
"1","NO VANCOUVER",10,"NORTH VANCOUVER"
"1","NORTH VANCOUVER",10,"NORTH VANCOUVER"
"1","O BRIEN",10,"O BRIEN"
"1","O'BRIEN",10,"O BRIEN"
"1","O FALLON",10,"O FALLON"
"1","O'FALLON",10,"O FALLON"
"1","O NEALS",10,"O NEALS"
"1","O'NEALS",10,"O NEALS"
"1","ROUND O",10,"ROUND O"
"1","S COFFEYVILLE",10,"SOUTH COFFEYVILLE"
"1","SOUTH COFFEYVILLE",10,"SOUTH COFFEYVILLE"
"1","U S A F ACADEMY",10,"U S A F ACADEMY"
"1","USAF ACADEMY",10,"U S A F ACADEMY"
"1","W VAN",10,"WEST VANCOUVER"
"1","W VANCOUVER",10,"WEST VANCOUVER"
"1","WEST VANCOUVER",10,"WEST VANCOUVER"
"1","AU GRES",10,"AU GRES"
"1","AU SABLE FORKS",10,"AU SABLE FORKS"
"1","AU SABLE FRKS",10,"AU SABLE FORKS"
"1","AU TRAIN",10,"AU TRAIN"
"1","AVON BY THE SEA",10,"AVON BY THE SEA"
"1","AVON BY SEA",10,"AVON BY THE SEA"
"1","BAYOU LA BATRE",10,"BAYOU LA BATRE"
"1","BIRD IN HAND",10,"BIRD IN HAND"
"1","CAMDEN ON GAULEY",10,"CAMDEN ON GAULEY"
"1","CARDIFF BY THE SEA",10,"CARDIFF BY THE SEA"
"1","CARDIFF BY SEA",10,"CARDIFF BY THE SEA"
"1","CASTLETON ON HUDSON",10,"CASTLETON ON HUDSON"
"1","CAVE IN ROCK",10,"CAVE IN ROCK"
"1","CORNWALL ON HUDSON",10,"CORNWALL ON HUDSON"
"1","CROTON ON HUDSON",10,"CROTON ON HUDSON"
"1","DE BEQUE",10,"DE BEQUE"
"1","DE BERRY",10,"DE BERRY"
"1","DE FOREST",10,"DE FOREST"
"1","DE GRAFF",10,"DE GRAFF"
"1","DE KALB",10,"DE KALB"
"1","DE KALB JUNCTION",10,"DE KALB JUNCTION"
"1","DE LAND",10,"DE LAND"
"1","DE LEON",10,"DE LEON"
"1","DE LEON SPRINGS",10,"DE LEON SPRINGS"
"1","DE MOSSVILLE",10,"DE MOSSVILLE"
"1","DE PERE",10,"DE PERE"
"1","DE PEYSTER",10,"DE PEYSTER"
"1","DE QUEEN",10,"DE QUEEN"
"1","DE RUYTER",10,"DE RUYTER"
"1","DE SMET",10,"DE SMET"
"1","DE SOTO",10,"DE SOTO"
"1","DE TOUR VILLAGE",10,"DE TOUR VILLAGE"
"1","DE VALLS BLUFF",10,"DE VALLS BLUFF"
"1","VALLS BLUFF",10,"DE VALLS BLUFF"
"1","DE WITT",10,"DE WITT"
"1","DE YOUNG",10,"DE YOUNG"
"1","DU BOIS",10,"DU BOIS"
"1","DU PONT",10,"DU PONT"
"1","DU QUOIN",10,"DU QUOIN"
"1","E MC KEESPORT",10,"EAST MC KEESPORT"
"1","E MCKEESPORT",10,"EAST MC KEESPORT"
"1","EAST MC KEESPORT",10,"EAST MC KEESPORT"
"1","EAST MCKEESPORT",10,"EAST MC KEESPORT"
"1","EL CAJON",10,"EL CAJON"
"1","EL CAMPO",10,"EL CAMPO"
"1","EL CENTRO",10,"EL CENTRO"
"1","EL CERRITO",10,"EL CERRITO"
"1","EL DORADO",10,"EL DORADO"
"1","EL DORADO HILLS",10,"EL DORADO HILLS"
"1","EL DORADO SPRINGS",10,"EL DORADO SPRINGS"
"1","EL MIRAGE",10,"EL MIRAGE"
"1","EL MONTE",10,"EL MONTE"
"1","EL NIDO",10,"EL NIDO"
"1","EL PRADO",10,"EL PRADO"
"1","EL RENO",10,"EL RENO"
"1","EL RITO",10,"EL RITO"
"1","EL SEGUNDO",10,"EL SEGUNDO"
"1","EL SOBRANTE",10,"EL SOBRANTE"
"1","FALLS OF ROUGH",10,"FALLS OF ROUGH"
"1","FOND DU LAC",10,"FOND DU LAC"
"1","FORKS OF SALMON",10,"FORKS OF SALMON"
"1","FORT MC COY",10,"FORT MC COY"
"1","FORT MCCOY",10,"FORT MC COY"
"1","FORT MC KAVETT",10,"FORT MC KAVETT"
"1","FORT MCKAVETT",10,"FORT MC KAVETT"
"1","FT MITCHELL",10,"FORT MITCHELL"
"1","FORT MITCHELL",10,"FORT MITCHELL"
"1","FT MYER",10,"FORT MYER"
"1","FORT MYER",10,"FORT MYER"
"1","FT WARREN AFB",10,"FORT WARREN AFB"
"1","FORT WARREN AFB",10,"FORT WARREN AFB"
"1","HASTINGS ON HUDSON",10,"HASTINGS ON HUDSON"
"1","HAVRE DE GRACE",10,"HAVRE DE GRACE"
"1","HI HAT",10,"HI HAT"
"1","HO HO KUS",10,"HO HO KUS"
"1","HOWEY IN THE HILLS",10,"HOWEY IN THE HILLS"
"1","HOWEY IN HILLS",10,"HOWEY IN THE HILLS"
"1","ISLE LA MOTTE",10,"ISLE LA MOTTE"
"1","ISLE OF PALMS",10,"ISLE OF PALMS"
"1","ISLE OF SPRINGS",10,"ISLE OF SPRINGS"
"1","JAY EM",10,"JAY EM"
"1","KING OF PRUSSIA",10,"KING OF PRUSSIA"
"1","LA BARGE",10,"LA BARGE"
"1","LA BELLE",10,"LA BELLE"
"1","LA CANADA FLINTRIDGE",10,"LA CANADA FLINTRIDGE"
"1","LA CENTER",10,"LA CENTER"
"1","LA CONNER",10,"LA CONNER"
"1","LA COSTE",10,"LA COSTE"
"1","LA CRESCENT",10,"LA CRESCENT"
"1","LA CRESCENTA",10,"LA CRESCENTA"
"1","LA CROSSE",10,"LA CROSSE"
"1","LA FARGE",10,"LA FARGE"
"1","LA FARGEVILLE",10,"LA FARGEVILLE"
"1","LA FAYETTE",10,"LA FAYETTE"
"1","LA FERIA",10,"LA FERIA"
"1","LA FOLLETTE",10,"LA FOLLETTE"
"1","LA FONTAINE",10,"LA FONTAINE"
"1","LA GRANDE",10,"LA GRANDE"
"1","LA GRANGE",10,"LA GRANGE"
"1","LA GRANGE PARK",10,"LA GRANGE PARK"
"1","LA HABRA",10,"LA HABRA"
"1","LA HARPE",10,"LA HARPE"
"1","LA HONDA",10,"LA HONDA"
"1","LA JARA",10,"LA JARA"
"1","LA JOLLA",10,"LA JOLLA"
"1","LA JOSE",10,"LA JOSE"
"1","LA JOYA",10,"LA JOYA"
"1","LA JUNTA",10,"LA JUNTA"
"1","LA LOMA",10,"LA LOMA"
"1","LA LUZ",10,"LA LUZ"
"1","LA MADERA",10,"LA MADERA"
"1","LA MARQUE",10,"LA MARQUE"
"1","LA MESA",10,"LA MESA"
"1","LA MIRADA",10,"LA MIRADA"
"1","LA MOILLE",10,"LA MOILLE"
"1","LA MONTE",10,"LA MONTE"
"1","LA MOTTE",10,"LA MOTTE"
"1","LA PALMA",10,"LA PALMA"
"1","LA PINE",10,"LA PINE"
"1","LA PLACE",10,"LA PLACE"
"1","LA PLATA",10,"LA PLATA"
"1","LA PORTE",10,"LA PORTE"
"1","LA PORTE CITY",10,"LA PORTE CITY"
"1","LA PRAIRIE",10,"LA PRAIRIE"
"1","LA PUENTE",10,"LA PUENTE"
"1","LA QUINTA",10,"LA QUINTA"
"1","LA RUE",10,"LA RUE"
"1","LA RUSSELL",10,"LA RUSSELL"
"1","LA SALLE",10,"LA SALLE"
"1","LA VALLE",10,"LA VALLE"
"1","LA VERGNE",10,"LA VERGNE"
"1","LA VERKIN",10,"LA VERKIN"
"1","LA VERNE",10,"LA VERNE"
"1","LA VERNIA",10,"LA VERNIA"
"1","LA VETA",10,"LA VETA"
"1","LA VISTA",10,"LA VISTA"
"1","LAC DU FLAMBEAU",10,"LAC DU FLAMBEAU"
"1","LAKE IN THE HILLS",10,"LAKE IN THE HILLS"
"1","LAKE IN HILLS",10,"LAKE IN THE HILLS"
"1","LE CENTER",10,"LE CENTER"
"1","LE CLAIRE",10,"LE CLAIRE"
"1","LE GRAND",10,"LE GRAND"
"1","LE MARS",10,"LE MARS"
"1","LE RAYSVILLE",10,"LE RAYSVILLE"
"1","LE ROY",10,"LE ROY"
"1","LE SUEUR",10,"LE SUEUR"
"1","LE VERNE",10,"LU VERNE"
"1","LU VERNE",10,"LU VERNE"
"1","MARINE ON SAINT CROIX",10,"MARINE ON SAINT CROIX"
"1","MC ADENVILLE",10,"MC ADENVILLE"
"1","MCADENVILLE",10,"MC ADENVILLE"
"1","MC ALISTER",10,"MC ALISTER"
"1","MCALISTER",10,"MC ALISTER"
"1","MC ALISTERVILLE",10,"MC ALISTERVILLE"
"1","MCALISTERVILLE",10,"MC ALISTERVILLE"
"1","MC ALPIN",10,"MC ALPIN"
"1","MCALPIN",10,"MC ALPIN"
"1","MC ANDREWS",10,"MC ANDREWS"
"1","MCANDREWS",10,"MC ANDREWS"
"1","MC ARTHUR",10,"MC ARTHUR"
"1","MCARTHUR",10,"MC ARTHUR"
"1","MC BAIN",10,"MC BAIN"
"1","MCBAIN",10,"MC BAIN"
"1","MC BEE",10,"MC BEE"
"1","MCBEE",10,"MC BEE"
"1","MC CALL CREEK",10,"MC CALL CREEK"
"1","MCCALL CREEK",10,"MC CALL CREEK"
"1","MC CALLA",10,"MC CALLA"
"1","MCCALLA",10,"MC CALLA"
"1","MC CALLSBURG",10,"MC CALLSBURG"
"1","MCCALLSBURG",10,"MC CALLSBURG"
"1","MC CAMEY",10,"MC CAMEY"
"1","MCCAMEY",10,"MC CAMEY"
"1","MC CARLEY",10,"MC CARLEY"
"1","MCCARLEY",10,"MC CARLEY"
"1","MC CARR",10,"MC CARR"
"1","MCCARR",10,"MC CARR"
"1","MC CASKILL",10,"MC CASKILL"
"1","MCCASKILL",10,"MC CASKILL"
"1","MC CAULLEY",10,"MC CAULLEY"
"1","MCCAULLEY",10,"MC CAULLEY"
"1","MC CAYSVILLE",10,"MC CAYSVILLE"
"1","MCCAYSVILLE",10,"MC CAYSVILLE"
"1","MC CLAVE",10,"MC CLAVE"
"1","MCCLAVE",10,"MC CLAVE"
"1","MC CLELLAND",10,"MC CLELLAND"
"1","MCCLELLAND",10,"MC CLELLAND"
"1","MC CLELLANDTOWN",10,"MC CLELLANDTOWN"
"1","MCCLELLANDTOWN",10,"MC CLELLANDTOWN"
"1","MC CLELLANVILLE",10,"MC CLELLANVILLE"
"1","MCCLELLANVILLE",10,"MC CLELLANVILLE"
"1","MC CLURE",10,"MC CLURE"
"1","MCCLURE",10,"MC CLURE"
"1","MC CLURG",10,"MC CLURG"
"1","MCCLURG",10,"MC CLURG"
"1","MC COLL",10,"MC COLL"
"1","MCCOLL",10,"MC COLL"
"1","MC COMB",10,"MC COMB"
"1","MCCOMB",10,"MC COMB"
"1","MC CONNELL",10,"MC CONNELL"
"1","MCCONNELL",10,"MC CONNELL"
"1","MC CONNELLS",10,"MC CONNELLS"
"1","MCCONNELLS",10,"MC CONNELLS"
"1","MC CONNELLSBURG",10,"MC CONNELLSBURG"
"1","MCCONNELLSBURG",10,"MC CONNELLSBURG"
"1","MC COOK",10,"MC COOK"
"1","MCCOOK",10,"MC COOK"
"1","MC COOL",10,"MC COOL"
"1","MCCOOL",10,"MC COOL"
"1","MC COOL JUNCTION",10,"MC COOL JUNCTION"
"1","MCCOOL JUNCTION",10,"MC COOL JUNCTION"
"1","MC CORDSVILLE",10,"MC CORDSVILLE"
"1","MCCORDSVILLE",10,"MC CORDSVILLE"
"1","MC CORMICK",10,"MC CORMICK"
"1","MCCORMICK",10,"MC CORMICK"
"1","MC COY",10,"MC COY"
"1","MCCOY",10,"MC COY"
"1","MC CRACKEN",10,"MC CRACKEN"
"1","MCCRACKEN",10,"MC CRACKEN"
"1","MC CRORY",10,"MC CRORY"
"1","MCCRORY",10,"MC CRORY"
"1","MC CUNE",10,"MC CUNE"
"1","MCCUNE",10,"MC CUNE"
"1","MC CUTCHENVILLE",10,"MC CUTCHENVILLE"
"1","MCCUTCHENVILLE",10,"MC CUTCHENVILLE"
"1","MC DADE",10,"MC DADE"
"1","MCDADE",10,"MC DADE"
"1","MC DANIELS",10,"MC DANIELS"
"1","MCDANIELS",10,"MC DANIELS"
"1","MC DAVID",10,"MC DAVID"
"1","MCDAVID",10,"MC DAVID"
"1","MC DERMOTT",10,"MC DERMOTT"
"1","MCDERMOTT",10,"MC DERMOTT"
"1","MC DONALD",10,"MC DONALD"
"1","MCDONALD",10,"MC DONALD"
"1","MC DONOUGH",10,"MC DONOUGH"
"1","MCDONOUGH",10,"MC DONOUGH"
"1","MC DOWELL",10,"MC DOWELL"
"1","MCDOWELL",10,"MC DOWELL"
"1","MC EWEN",10,"MC EWEN"
"1","MCEWEN",10,"MC EWEN"
"1","MC FALL",10,"MC FALL"
"1","MCFALL",10,"MC FALL"
"1","MC FARLAND",10,"MC FARLAND"
"1","MCFARLAND",10,"MC FARLAND"
"1","MC GAHEYSVILLE",10,"MC GAHEYSVILLE"
"1","MCGAHEYSVILLE",10,"MC GAHEYSVILLE"
"1","MC GEE",10,"MC GEE"
"1","MCGEE",10,"MC GEE"
"1","MC GEHEE",10,"MC GEHEE"
"1","MCGEHEE",10,"MC GEHEE"
"1","MC GRADY",10,"MC GRADY"
"1","MCGRADY",10,"MC GRADY"
"1","MC GRATH",10,"MC GRATH"
"1","MCGRATH",10,"MC GRATH"
"1","MC GRAW",10,"MC GRAW"
"1","MCGRAW",10,"MC GRAW"
"1","MC GREGOR",10,"MC GREGOR"
"1","MCGREGOR",10,"MC GREGOR"
"1","MC HENRY",10,"MC HENRY"
"1","MCHENRY",10,"MC HENRY"
"1","MC INTIRE",10,"MC INTIRE"
"1","MCINTIRE",10,"MC INTIRE"
"1","MC INTOSH",10,"MC INTOSH"
"1","MCINTOSH",10,"MC INTOSH"
"1","MC INTYRE",10,"MC INTYRE"
"1","MCINTYRE",10,"MC INTYRE"
"1","MC KEAN",10,"MC KEAN"
"1","MCKEAN",10,"MC KEAN"
"1","MC KEE",10,"MC KEE"
"1","MCKEE",10,"MC KEE"
"1","MC KEES ROCKS",10,"MC KEES ROCKS"
"1","MCKEES ROCKS",10,"MC KEES ROCKS"
"1","MC KENNEY",10,"MC KENNEY"
"1","MCKENNEY",10,"MC KENNEY"
"1","MC KENZIE",10,"MC KENZIE"
"1","MCKENZIE",10,"MC KENZIE"
"1","MC KITTRICK",10,"MC KITTRICK"
"1","MCKITTRICK",10,"MC KITTRICK"
"1","MC LAIN",10,"MC LAIN"
"1","MCLAIN",10,"MC LAIN"
"1","MC LAUGHLIN",10,"MC LAUGHLIN"
"1","MCLAUGHLIN",10,"MC LAUGHLIN"
"1","MC LEAN",10,"MC LEAN"
"1","MCLEAN",10,"MC LEAN"
"1","MC LEANSBORO",10,"MC LEANSBORO"
"1","MCLEANSBORO",10,"MC LEANSBORO"
"1","MC LEANSVILLE",10,"MC LEANSVILLE"
"1","MCLEANSVILLE",10,"MC LEANSVILLE"
"1","MC LEOD",10,"MC LEOD"
"1","MCLEOD",10,"MC LEOD"
"1","MC LOUTH",10,"MC LOUTH"
"1","MCLOUTH",10,"MC LOUTH"
"1","MC MILLAN",10,"MC MILLAN"
"1","MCMILLAN",10,"MC MILLAN"
"1","MC MINNVILLE",10,"MC MINNVILLE"
"1","MCMINNVILLE",10,"MC MINNVILLE"
"1","MC NABB",10,"MC NABB"
"1","MCNABB",10,"MC NABB"
"1","MC NEAL",10,"MC NEAL"
"1","MCNEAL",10,"MC NEAL"
"1","MC NEIL",10,"MC NEIL"
"1","MCNEIL",10,"MC NEIL"
"1","MC QUEENEY",10,"MC QUEENEY"
"1","MCQUEENEY",10,"MC QUEENEY"
"1","MC RAE",10,"MC RAE"
"1","MCRAE",10,"MC RAE"
"1","MC ROBERTS",10,"MC ROBERTS"
"1","MCROBERTS",10,"MC ROBERTS"
"1","MC SHERRYSTOWN",10,"MC SHERRYSTOWN"
"1","MCSHERRYSTOWN",10,"MC SHERRYSTOWN"
"1","MC VEYTOWN",10,"MC VEYTOWN"
"1","MCVEYTOWN",10,"MC VEYTOWN"
"1","MEADOWS OF DAN",10,"MEADOWS OF DAN"
"1","MI WUK VILLAGE",10,"MI WUK VILLAGE"
"1","MOUTH OF WILSON",10,"MOUTH OF WILSON"
"1","MT ZION",10,"MOUNT ZION"
"1","MOUNT ZION",10,"MOUNT ZION"
"1","PE ELL",10,"PE ELL"
"1","POINT OF ROCKS",10,"POINT OF ROCKS"
"1","PONCE DE LEON",10,"PONCE DE LEON"
"1","PRAIRIE DU CHIEN",10,"PRAIRIE DU CHIEN"
"1","PRAIRIE DU ROCHER",10,"PRAIRIE DU ROCHER"
"1","PRAIRIE DU SAC",10,"PRAIRIE DU SAC"
"1","RANCHO SANTA FE",10,"RANCHO SANTA FE"
"1","RANCHOS DE TAOS",10,"RANCHOS DE TAOS"
"1","SANTA FE",10,"SANTA FE"
"1","SANTA FE SPRINGS",10,"SANTA FE SPRINGS"
"1","S EL MONTE",10,"SOUTH EL MONTE"
"1","SOUTH EL MONTE",10,"SOUTH EL MONTE"
"1","SAINT COLUMBANS",10,"SAINT COLUMBANS"
"1","ST COLUMBANS",10,"SAINT COLUMBANS"
"1","TOWNSHIP OF WASHINGTON",10,"TOWNSHIP OF WASHINGTON"
"1","TRUTH OR CONSEQUENCES",10,"TRUTH OR CONSEQUENCES"
"1","TY TY",10,"TY TY"
"1","VILLAGE OF NAGOG WOODS",10,"VILLAGE OF NAGOG WOODS"
"1","ST AGATHA",10,"SAINT AGATHA"
"1","ST ALBANS",10,"SAINT ALBANS"
"1","ST ANDREWS",10,"SAINT ANDREWS"
"1","ST ANN",10,"SAINT ANN"
"1","ST ANN HIGHLANDS",10,"SAINT ANN HIGHLANDS"
"1","ST ANNA",10,"SAINT ANNA"
"1","ST ANNE",10,"SAINT ANNE"
"1","ST ANSGAR",10,"SAINT ANSGAR"
"1","ST ANTHONY",10,"SAINT ANTHONY"
"1","ST ARMAND",10,"SAINT ARMAND"
"1","ST AUBERT",10,"SAINT AUBERT"
"1","ST AUGUSTA",10,"SAINT AUGUSTA"
"1","ST AUGUSTINE",10,"SAINT AUGUSTINE"
"1","ST AUGUSTINE BEACH",10,"SAINT AUGUSTINE BEACH"
"1","ST AUGUSTINE SHORES",10,"SAINT AUGUSTINE SHORES"
"1","ST AUGUSTINE SOUTH",10,"SAINT AUGUSTINE SOUTH"
"1","ST BENEDICT",10,"SAINT BENEDICT"
"1","ST BERNARD",10,"SAINT BERNARD"
"1","ST BERNICE",10,"SAINT BERNICE"
"1","ST BONAVENTURE",10,"SAINT BONAVENTURE"
"1","ST BONIFACIUS",10,"SAINT BONIFACIUS"
"1","ST BRIDGET",10,"SAINT BRIDGET"
"1","ST CHARLES",10,"SAINT CHARLES"
"1","ST CHARLES MESA",10,"SAINT CHARLES MESA"
"1","ST CLAIR",10,"SAINT CLAIR"
"1","ST CLAIR SHORES",10,"SAINT CLAIR SHORES"
"1","ST CLAIRSVILLE",10,"SAINT CLAIRSVILLE"
"1","ST CLEMENT",10,"SAINT CLEMENT"
"1","ST CLERE",10,"SAINT CLERE"
"1","ST CLOUD",10,"SAINT CLOUD"
"1","ST CROIX",10,"SAINT CROIX"
"1","ST CROIX FALLS",10,"SAINT CROIX FALLS"
"1","ST DAVID",10,"SAINT DAVID"
"1","ST DONATUS",10,"SAINT DONATUS"
"1","ST EDWARD",10,"SAINT EDWARD"
"1","ST ELIZABETH",10,"SAINT ELIZABETH"
"1","ST ELMO",10,"SAINT ELMO"
"1","ST FERDINAND",10,"SAINT FERDINAND"
"1","ST FLORIAN",10,"SAINT FLORIAN"
"1","ST FRANCIS",10,"SAINT FRANCIS"
"1","ST FRANCISVILLE",10,"SAINT FRANCISVILLE"
"1","ST FRANCOIS",10,"SAINT FRANCOIS"
"1","ST GABRIEL",10,"SAINT GABRIEL"
"1","ST GEORGE",10,"SAINT GEORGE"
"1","ST GEORGE ISLAND",10,"SAINT GEORGE ISLAND"
"1","ST GERMAIN",10,"SAINT GERMAIN"
"1","ST HEDWIG",10,"SAINT HEDWIG"
"1","ST HELEN",10,"SAINT HELEN"
"1","ST HELENA",10,"SAINT HELENA"
"1","ST HELENA ISLAND",10,"SAINT HELENA ISLAND"
"1","ST HELENS",10,"SAINT HELENS"
"1","ST HENRY",10,"SAINT HENRY"
"1","ST HILAIRE",10,"SAINT HILAIRE"
"1","ST IGNACE",10,"SAINT IGNACE"
"1","ST IGNATIUS",10,"SAINT IGNATIUS"
"1","ST JACOB",10,"SAINT JACOB"
"1","ST JAMES",10,"SAINT JAMES"
"1","ST JAMES CITY",10,"SAINT JAMES CITY"
"1","ST JO",10,"SAINT JO"
"1","ST JOE",10,"SAINT JOE"
"1","ST JOHN",10,"SAINT JOHN"
"1","ST JOHNS",10,"SAINT JOHNS"
"1","ST JOHNS-FREEMONT",10,"SAINT JOHNS-FREEMONT"
"1","ST JOHNS FREEMONT",10,"SAINT JOHNS-FREEMONT"
"1","ST JOHNSBURY",10,"SAINT JOHNSBURY"
"1","ST JOHNSVILLE",10,"SAINT JOHNSVILLE"
"1","ST JOSEPH",10,"SAINT JOSEPH"
"1","ST JUST",10,"SAINT JUST"
"1","ST LAWRENCE",10,"SAINT LAWRENCE"
"1","ST LEO",10,"SAINT LEO"
"1","ST LEON",10,"SAINT LEON"
"1","ST LEONARD",10,"SAINT LEONARD"
"1","ST LIBORY",10,"SAINT LIBORY"
"1","ST LOUIS",10,"SAINT LOUIS"
"1","ST LOUIS PARK",10,"SAINT LOUIS PARK"
"1","ST LOUISVILLE",10,"SAINT LOUISVILLE"
"1","ST LUCAS",10,"SAINT LUCAS"
"1","ST LUCIE VILLAGE",10,"SAINT LUCIE VILLAGE"
"1","ST MARIE",10,"SAINT MARIE"
"1","ST MARIES",10,"SAINT MARIES"
"1","ST MARKS",10,"SAINT MARKS"
"1","ST MARTIN",10,"SAINT MARTIN"
"1","ST MARTINS",10,"SAINT MARTINS"
"1","ST MARTINVILLE",10,"SAINT MARTINVILLE"
"1","ST MARY",10,"SAINT MARY"
"1","ST MARY OF THE WOODS",10,"SAINT MARY OF THE WOODS"
"1","ST MARY'S",10,"SAINT MARY'S"
"1","ST MARYS",10,"SAINT MARYS"
"1","ST MARYS POINT",10,"SAINT MARYS POINT"
"1","ST MATHIAS",10,"SAINT MATHIAS"
"1","ST MATTHEWS",10,"SAINT MATTHEWS"
"1","ST MAURICE",10,"SAINT MAURICE"
"1","ST MEINRAD",10,"SAINT MEINRAD"
"1","ST MICHAEL",10,"SAINT MICHAEL"
"1","ST MICHAELS",10,"SAINT MICHAELS"
"1","ST NAZIANZ",10,"SAINT NAZIANZ"
"1","ST OLAF",10,"SAINT OLAF"
"1","ST ONGE",10,"SAINT ONGE"
"1","ST PARIS",10,"SAINT PARIS"
"1","ST PAUL",10,"SAINT PAUL"
"1","ST PAUL PARK",10,"SAINT PAUL PARK"
"1","ST PAULS",10,"SAINT PAULS"
"1","ST PETE BEACH",10,"SAINT PETE BEACH"
"1","ST PETER",10,"SAINT PETER"
"1","ST PETERS",10,"SAINT PETERS"
"1","ST PETERSBURG",10,"SAINT PETERSBURG"
"1","ST PIERRE",10,"SAINT PIERRE"
"1","ST REGIS",10,"SAINT REGIS"
"1","ST REGIS FALLS",10,"SAINT REGIS FALLS"
"1","ST REGIS MOHAWK",10,"SAINT REGIS MOHAWK"
"1","ST REGIS PARK",10,"SAINT REGIS PARK"
"1","ST ROBERT",10,"SAINT ROBERT"
"1","ST ROSA",10,"SAINT ROSA"
"1","ST ROSE",10,"SAINT ROSE"
"1","ST SIMONS",10,"SAINT SIMONS"
"1","ST STEPHEN",10,"SAINT STEPHEN"
"1","ST STEPHENS",10,"SAINT STEPHENS"
"1","ST STEPHENS CHURCH",10,"SAINT STEPHENS CHURCH"
"1","ST THOMAS",10,"SAINT THOMAS"
"1","ST VINCENT",10,"SAINT VINCENT"
"1","ST VINCENT COLLEGE",10,"SAINT VINCENT COLLEGE"
"1","ST WENDEL",10,"SAINT WENDEL"
"1","ST XAVIER",10,"SAINT XAVIER"
"1","SAINT AGATHA",10,"SAINT AGATHA"
"1","SAINT ALBANS",10,"SAINT ALBANS"
"1","SAINT ANDREWS",10,"SAINT ANDREWS"
"1","SAINT ANN",10,"SAINT ANN"
"1","SAINT ANN HIGHLANDS",10,"SAINT ANN HIGHLANDS"
"1","SAINT ANNA",10,"SAINT ANNA"
"1","SAINT ANNE",10,"SAINT ANNE"
"1","SAINT ANSGAR",10,"SAINT ANSGAR"
"1","SAINT ANTHONY",10,"SAINT ANTHONY"
"1","SAINT ARMAND",10,"SAINT ARMAND"
"1","SAINT AUBERT",10,"SAINT AUBERT"
"1","SAINT AUGUSTA",10,"SAINT AUGUSTA"
"1","SAINT AUGUSTINE",10,"SAINT AUGUSTINE"
"1","SAINT AUGUSTINE BEACH",10,"SAINT AUGUSTINE BEACH"
"1","SAINT AUGUSTINE SHORES",10,"SAINT AUGUSTINE SHORES"
"1","SAINT AUGUSTINE SOUTH",10,"SAINT AUGUSTINE SOUTH"
"1","SAINT BENEDICT",10,"SAINT BENEDICT"
"1","SAINT BERNARD",10,"SAINT BERNARD"
"1","SAINT BERNICE",10,"SAINT BERNICE"
"1","SAINT BONAVENTURE",10,"SAINT BONAVENTURE"
"1","SAINT BONIFACIUS",10,"SAINT BONIFACIUS"
"1","SAINT BRIDGET",10,"SAINT BRIDGET"
"1","SAINT CHARLES",10,"SAINT CHARLES"
"1","SAINT CHARLES MESA",10,"SAINT CHARLES MESA"
"1","SAINT CLAIR",10,"SAINT CLAIR"
"1","SAINT CLAIR SHORES",10,"SAINT CLAIR SHORES"
"1","SAINT CLAIRSVILLE",10,"SAINT CLAIRSVILLE"
"1","SAINT CLEMENT",10,"SAINT CLEMENT"
"1","SAINT CLERE",10,"SAINT CLERE"
"1","SAINT CLOUD",10,"SAINT CLOUD"
"1","SAINT CROIX",10,"SAINT CROIX"
"1","SAINT CROIX FALLS",10,"SAINT CROIX FALLS"
"1","SAINT DAVID",10,"SAINT DAVID"
"1","SAINT DONATUS",10,"SAINT DONATUS"
"1","SAINT EDWARD",10,"SAINT EDWARD"
"1","SAINT ELIZABETH",10,"SAINT ELIZABETH"
"1","SAINT ELMO",10,"SAINT ELMO"
"1","SAINT FERDINAND",10,"SAINT FERDINAND"
"1","SAINT FLORIAN",10,"SAINT FLORIAN"
"1","SAINT FRANCIS",10,"SAINT FRANCIS"
"1","SAINT FRANCISVILLE",10,"SAINT FRANCISVILLE"
"1","SAINT FRANCOIS",10,"SAINT FRANCOIS"
"1","SAINT GABRIEL",10,"SAINT GABRIEL"
"1","SAINT GEORGE",10,"SAINT GEORGE"
"1","SAINT GEORGE ISLAND",10,"SAINT GEORGE ISLAND"
"1","SAINT GERMAIN",10,"SAINT GERMAIN"
"1","SAINT HEDWIG",10,"SAINT HEDWIG"
"1","SAINT HELEN",10,"SAINT HELEN"
"1","SAINT HELENA",10,"SAINT HELENA"
"1","SAINT HELENA ISLAND",10,"SAINT HELENA ISLAND"
"1","SAINT HELENS",10,"SAINT HELENS"
"1","SAINT HENRY",10,"SAINT HENRY"
"1","SAINT HILAIRE",10,"SAINT HILAIRE"
"1","SAINT IGNACE",10,"SAINT IGNACE"
"1","SAINT IGNATIUS",10,"SAINT IGNATIUS"
"1","SAINT JACOB",10,"SAINT JACOB"
"1","SAINT JAMES",10,"SAINT JAMES"
"1","SAINT JAMES CITY",10,"SAINT JAMES CITY"
"1","SAINT JO",10,"SAINT JO"
"1","SAINT JOE",10,"SAINT JOE"
"1","SAINT JOHN",10,"SAINT JOHN"
"1","SAINT JOHNS",10,"SAINT JOHNS"
"1","SAINT JOHNS-FREEMONT",10,"SAINT JOHNS-FREEMONT"
"1","SAINT JOHNS FREEMONT",10,"SAINT JOHNS-FREEMONT"
"1","SAINT JOHNSBURY",10,"SAINT JOHNSBURY"
"1","SAINT JOHNSVILLE",10,"SAINT JOHNSVILLE"
"1","SAINT JOSEPH",10,"SAINT JOSEPH"
"1","SAINT JUST",10,"SAINT JUST"
"1","SAINT LAWRENCE",10,"SAINT LAWRENCE"
"1","SAINT LEO",10,"SAINT LEO"
"1","SAINT LEON",10,"SAINT LEON"
"1","SAINT LEONARD",10,"SAINT LEONARD"
"1","SAINT LIBORY",10,"SAINT LIBORY"
"1","SAINT LOUIS",10,"SAINT LOUIS"
"1","SAINT LOUIS PARK",10,"SAINT LOUIS PARK"
"1","SAINT LOUISVILLE",10,"SAINT LOUISVILLE"
"1","SAINT LUCAS",10,"SAINT LUCAS"
"1","SAINT LUCIE VILLAGE",10,"SAINT LUCIE VILLAGE"
"1","SAINT MARIE",10,"SAINT MARIE"
"1","SAINT MARIES",10,"SAINT MARIES"
"1","SAINT MARKS",10,"SAINT MARKS"
"1","SAINT MARTIN",10,"SAINT MARTIN"
"1","SAINT MARTINS",10,"SAINT MARTINS"
"1","SAINT MARTINVILLE",10,"SAINT MARTINVILLE"
"1","SAINT MARY",10,"SAINT MARY"
"1","SAINT MARY OF THE WOODS",10,"SAINT MARY OF THE WOODS"
"1","SAINT MARY'S",10,"SAINT MARY'S"
"1","SAINT MARYS",10,"SAINT MARYS"
"1","SAINT MARYS POINT",10,"SAINT MARYS POINT"
"1","SAINT MATHIAS",10,"SAINT MATHIAS"
"1","SAINT MATTHEWS",10,"SAINT MATTHEWS"
"1","SAINT MAURICE",10,"SAINT MAURICE"
"1","SAINT MEINRAD",10,"SAINT MEINRAD"
"1","SAINT MICHAEL",10,"SAINT MICHAEL"
"1","SAINT MICHAELS",10,"SAINT MICHAELS"
"1","SAINT NAZIANZ",10,"SAINT NAZIANZ"
"1","SAINT OLAF",10,"SAINT OLAF"
"1","SAINT ONGE",10,"SAINT ONGE"
"1","SAINT PARIS",10,"SAINT PARIS"
"1","SAINT PAUL",10,"SAINT PAUL"
"1","SAINT PAUL PARK",10,"SAINT PAUL PARK"
"1","SAINT PAULS",10,"SAINT PAULS"
"1","SAINT PETE BEACH",10,"SAINT PETE BEACH"
"1","SAINT PETER",10,"SAINT PETER"
"1","SAINT PETERS",10,"SAINT PETERS"
"1","SAINT PETERSBURG",10,"SAINT PETERSBURG"
"1","SAINT PIERRE",10,"SAINT PIERRE"
"1","SAINT REGIS",10,"SAINT REGIS"
"1","SAINT REGIS FALLS",10,"SAINT REGIS FALLS"
"1","SAINT REGIS MOHAWK",10,"SAINT REGIS MOHAWK"
"1","SAINT REGIS PARK",10,"SAINT REGIS PARK"
"1","SAINT ROBERT",10,"SAINT ROBERT"
"1","SAINT ROSA",10,"SAINT ROSA"
"1","SAINT ROSE",10,"SAINT ROSE"
"1","SAINT SIMONS",10,"SAINT SIMONS"
"1","SAINT STEPHEN",10,"SAINT STEPHEN"
"1","SAINT STEPHENS",10,"SAINT STEPHENS"
"1","SAINT STEPHENS CHURCH",10,"SAINT STEPHENS CHURCH"
"1","SAINT THOMAS",10,"SAINT THOMAS"
"1","SAINT VINCENT",10,"SAINT VINCENT"
"1","SAINT VINCENT COLLEGE",10,"SAINT VINCENT COLLEGE"
"1","SAINT WENDEL",10,"SAINT WENDEL"
"1","SAINT XAVIER",10,"SAINT XAVIER"
