"1","#",16,"#"
"2","#",7,"#"
"1","&",13,"AND"
"2","&",1,"AND"
"3","&",7,"AND"
"1","-","9","-"
"1","1 / 2",25,"1/2"
"1","1 / 2 MILE",1,"1/2 MI"
"1","1 / 3",25,"1/3"
"1","1 / 4",25,"1/4"
"1","1 MI",1,"ONE MILE"
"1","1 MILE",1,"ONE MILE"
"1","1/2",25,"1/2"
"1","1/2 MILE",1,"1/2 MI"
"1","1/3",25,"1/3"
"1","1/4",25,"1/4"
"1","10 MI",1,"TEN MILE"
"1","10 MILE",1,"TEN MILE"
"1","10MI",1,"TEN MILE"
"1","100 MILE",1,"ONE HUNDRED MILE"
"1","11 MI",1,"ELEVEN MILE"
"1","11 MILE",1,"ELEVEN MILE"
"1","11MI",1,"ELEVEN MILE"
"1","12 MI",1,"TWELVE MILE"
"1","12 MILE",1,"TWELVE MILE"
"1","12MI",1,"TWELVE MILE"
"1","13 MI",1,"THIRTEEN MILE"
"1","13 MILE",1,"THIRTEEN MILE"
"1","13MI",1,"THIRTEEN MILE"
"1","14 MI",1,"FOURTEEN MILE"
"1","14 MILE",1,"FOURTEEN MILE"
"1","14MI",1,"FOURTEEN MILE"
"1","15 MI",1,"FIFTEEN MI"
"1","15 MILE",1,"FIFTEEN MI"
"1","15MI",1,"FIFTEEN MI"
"1","16 MI",1,"SIXTEEN MILE"
"1","16 MILE",1,"SIXTEEN MILE"
"1","16MI",1,"SIXTEEN MILE"
"1","17 MI",1,"SEVENTEEN MILE"
"1","17 MILE",1,"SEVENTEEN MILE"
"1","17MI",1,"SEVENTEEN MILE"
"1","18 MI",1,"EIGHTEEEN MILE"
"1","18 MILE",1,"EIGHTEEEN MILE"
"1","18MI",1,"EIGHTEEEN MILE"
"1","19 MI",1,"NINETEEN MILE"
"1","19 MILE",1,"NINETEEN MILE"
"1","19MI",1,"NINETEEN MILE"
"1","1ER",1,"PREMIERE"
"1","1ER",15,"1"
"1","1MI",1,"ONE MILE"
"1","1RE",1,"PREMIERE"
"1","1RE",15,"1"
"1","1ST",1,"1"
"2","1ST",15,"1"
"1","2 MI",1,"TWO MILE"
"1","2 MILE",1,"TWO MILE"
"1","20 MI",1,"TWENTY MILE"
"1","20 MILE",1,"TWENTY MILE"
"1","20MI",1,"TWENTY MILE"
"1","21ST",1,"21"
"2","21ST",15,"21"
"1","22ND",1,"22"
"2","22ND",15,"22"
"1","23 MI",1,"TWENTY THREE MILE"
"1","23 MILE",1,"TWENTY THREE MILE"
"1","23MI",1,"TWENTY THREE MILE"
"1","23RD",1,"23"
"2","23RD",15,"23"
"1","2MI",1,"TWO MILE"
"1","3 / 4",25,"3/4"
"1","3 / 8",25,"3/8"
"1","3 MI",1,"THREE MILE"
"1","3 MILE",1,"THREE MILE"
"1","3/4",25,"3/4"
"1","3/8",25,"3/8"
"1","31ST",1,"31"
"2","31ST",15,"31"
"1","33RD",1,"33"
"2","33RD",15,"33"
"1","3MI",1,"THREE MILE"
"1","3RD",1,"3"
"2","3RD",15,"3"
"1","4 CORNERS",1,"FOUR CORNERS"
"1","4 FG",1,"FOUR FLAGS"
"1","4 FLAGS",1,"FOUR FLAGS"
"1","4 MI",1,"FOUR MILE"
"1","4 MILE",1,"FOUR MILE"
"1","4 SEASONS",1,"FOUR SEASONS"
"1","4 SN",1,"FOUR SEASONS"
"1","41ST",1,"41"
"2","41ST",15,"41"
"1","43RD",1,"43"
"2","43RD",15,"43"
"1","4MI",1,"FOUR MILE"
"1","4WD",2,"FOUR WHEEL DRIVE TRAIL"
"1","4WD TRAIL",2,"FOUR WHEEL DRIVE TRAIL"
"1","4WD TRL",2,"FOUR WHEEL DRIVE TRAIL"
"1","5 CEDARS",1,"FIVE CEDARS"
"1","5 CORNERS",1,"FIVE CORNERS"
"1","5 MI",1,"FIVE MILE"
"1","5 MILE",1,"FIVE MILE"
"1","5 POINTS",1,"FIVE POINTS"
"1","5 PT",1,"FIVE POINTS"
"1","5 TO",1,"FIVE TOWN"
"1","51ST",1,"51"
"2","51ST",15,"51"
"1","53RD",1,"53"
"2","53RD",15,"53"
"1","5MI",1,"FIVE MILE"
"1","6 FG",1,"SIX FLAGS"
"1","6 FLAGS",1,"SIX FLAGS"
"1","6 MI",1,"SIX MILE"
"1","6 MILE",1,"SIX MILE"
"1","61ST",1,"61"
"2","61ST",15,"61"
"1","63RD",1,"63"
"2","63RD",15,"63"
"1","6MI",1,"SIX MILE"
"1","7 CORNERS",1,"SEVEN CORNERS"
"2","7 CORNERS",24,"SEVEN CORNERS"
"1","7 MI",1,"SEVEN MILE"
"1","7 MILE",1,"SEVEN MILE"
"1","71ST",1,"71"
"2","71ST",15,"71"
"1","73RD",1,"73"
"2","73RD",15,"73"
"1","7MI",1,"SEVEN MILE"
"1","8 MI",1,"EIGHT MILE"
"1","8 MILE",1,"EIGHT MILE"
"1","81ST",1,"81"
"2","81ST",15,"81"
"1","83RD",1,"83"
"2","83RD",15,"83"
"1","8MI",1,"EIGHT MILE"
"1","9 MI",1,"NINE MILE"
"1","9 MILE",1,"NINE MILE"
"1","91ST",1,"91"
"2","91ST",15,"91"
"1","93RD",1,"93"
"2","93RD",15,"93"
"1","9MI",1,"NINE MILE"
"1","A",3,"ALTERNATE"
"2","A",18,"A"
"3","A",7,"A"
"1","A F B",1,"AIR FORCE BASE"
"2","A F B",24,"AIR FORCE BASE"
"1","A F S",1,"AIR FORCE BASE"
"2","A F S",24,"AIR FORCE BASE"
"1","A LA DERECHA",16,"A LA DERECHA"
"4","AB",2,"ABBEY"
"1","ABBEY",1,"ABBEY"
"2","ABBEY",2,"ABBEY"
"1","AC",2,"ACRES"
"1","ACAD",1,"ACADEMY"
"1","ACADE",1,"ACADEMIA"
"1","ACADEMIA",1,"ACADEMIA"
"1","ACADEMY",1,"ACADEMY"
"1","ACCESS",2,"ACCESS"
"1","ACR",1,"ACRES"
"2","ACR",2,"ACRES"
"3","ACR",24,"ACRES"
"1","ACRES",1,"ACRES"
"2","ACRES",2,"ACRES"
"3","ACRES",24,"ACRES"
"1","ACRS",1,"ACRES"
"2","ACRS",2,"ACRES"
"3","ACRS",24,"ACRES"
"1","ACUE",1,"ACUEDUCTO"
"1","ACUED",1,"ACUEDUCTO"
"1","ACUEDUCTO",1,"ACUEDUCTO"
"1","AEROPUERTO",1,"AEROPUERTO"
"2","AEROPUERTO",24,"AEROPUERTO"
"1","AFB",1,"AIR FORCE BASE"
"2","AFB",24,"AIR FORCE BASE"
"1","AFLD",24,"AIRPORT"
"1","AFS",1,"AIR FORCE BASE"
"2","AFS",24,"AIR FORCE BASE"
"1","AIR FORCE BASE",1,"AIR FORCE BASE"
"2","AIR FORCE BASE",24,"AIR FORCE BASE"
"1","AIR FORCE STATION",1,"AIR FORCE BASE"
"2","AIR FORCE STATION",24,"AIR FORCE BASE"
"1","AIRFIELD",1,"AIRPORT"
"2","AIRFIELD",24,"AIRPORT"
"1","AIRPARK",1,"AIRPORT"
"2","AIRPARK",24,"AIRPORT"
"1","AIRPORT",1,"AIRPORT"
"2","AIRPORT",24,"AIRPORT"
"1","AIRSTRIP",1,"AIRPORT"
"2","AIRSTRIP",24,"AIRPORT"
"1","AIRSTRP",1,"AIRPORT"
"2","AIRSTRP",24,"AIRPORT"
"1","AL",2,"ALLEY"
"2","AL",11,"ALLEY"
"4","AL",6,"ALLEY"
"1","ALC",2,"ALCOVE"
"1","ALD",16,"A LA DERECHA"
"1","ALLEE",2,"ALLEE"
"1","ALLEY",2,"ALLEY"
"2","ALLEY",1,"ALLEY"
"1","ALLY",2,"ALLEY"
"1","ALT",3,"ALTERNATE"
"1","ALTERNATE",3,"ALTERNATE"
"1","ALTO",1,"ALTO"
"2","ALTO",16,"ALTOS"
"1","ALTOS",16,"ALTOS"
"2","ALTOS",1,"ALTOS"
"1","ALY",2,"ALLEY"
"1","AND",13,"AND"
"2","AND",1,"AND"
"1","ANEX",1,"ANNEX"
"2","ANEX",24,"ANNEX"
"1","ANNEX",1,"ANNEX"
"2","ANNEX",24,"ANNEX"
"1","ANNX",1,"ANNEX"
"2","ANNX",24,"ANNEX"
"1","ANX",1,"ANNEX"
"2","ANX",24,"ANNEX"
"1","AP",16,"APARTMENT"
"1","APART",16,"APARTMENT"
"1","APARTEMENT",16,"APARTEMENT"
"1","APARTMENT",16,"APARTMENT"
"1","APARTMENTS",24,"APARTMENTS"
"1","APARTADO",14,"BOX"
"1","APO",14,"APO"
"1","APP",16,"APARTEMENT"
"1","APPART",16,"APARTEMENT"
"1","APPT",16,"APARTEMENT"
"1","APRK",24,"AIRPORT"
"1","APS",24,"APARTMENTS"
"1","APT",16,"APARTMENT"
"1","APT NO",16,"APARTMENT"
"1","APTMT",16,"APARTMENT"
"1","APTS",24,"APARTMENTS"
"1","AR",17,"ARRIERE"
"1","ARC",2,"ARCADE"
"2","ARC",24,"ARCADE"
"1","ARCADE",2,"ARCADE"
"2","ARCADE",24,"ARCADE"
"1","ARPT",1,"AIRPORT"
"2","ARPT",24,"AIRPORT"
"1","ARPTO",1,"AIRPORT"
"2","ARPTO",24,"AIRPORT"
"1","ARRIERE",17,"ARRIERE"
"1","ARROYO",2,"ARROYO"
"1","ARRYO",2,"ARROYO"
"1","AT",7,"AT"
"1","ATPS",2,"AUTOPISTA"
"1","ATPTA",2,"AUTOPISTA"
"1","ATTN",1,"ATTENTION"
"1","AU",2,"AUTOROUTE"
"2","AU",7,"AU"
"1","AUT",2,"AUTOROUTE"
"1","AUTO",2,"AUTOPISTA"
"2","AUTO",1,"AUTO"
"1","AUTOPISTA",2,"AUTOPISTA"
"1","AUTOROUTE",2,"AUTOROUTE"
"1","AV",2,"AVENUE"
"2","AV",17,"AVANT"
"1","AVA",2,"AVENIDA"
"1","AVANT",17,"AVANT"
"2","AVANT",1,"AVANT"
"1","AVE",2,"AVENUE"
"1","AVEN",2,"AVENUE"
"1","AVENIDA",2,"AVENIDA"
"1","AVENU",2,"AVENUE"
"1","AVENUE",2,"AVENUE"
"1","AVENUES",1,"AVENUES"
"1","AVES",1,"AVENUES"
"1","AVN",2,"AVENUE"
"1","AVNUE",2,"AVENUE"
"1","AVS",1,"AVENUES"
"1","BA",2,"BAY"
"1","BAJO",16,"BAJOS"
"1","BAJOS",16,"BAJOS"
"1","BANK",1,"BANK"
"1","BARRIO",1,"BOROUGH"
"1","BASEMENT",17,"BASEMENT"
"1","BASIN",1,"BASIN"
"1","BASN",1,"BASIN"
"1","BAY",16,"BAY"
"2","BAY",1,"BAY"
"3","BAY",2,"BAY"
"1","BAY STATE",1,"BAY STATE"
"1","BAYOU",1,"BAYOU"
"1","BAZAAR",24,"BAZAAR"
"1","BAZR",24,"BAZAAR"
"1","BCH",1,"BEACH"
"2","BCH",2,"BEACH"
"1","BD",2,"BOULEVARD
"1","BDG",24,"BUILDING"
"2","BDG",19,"BUILDING"
"1","BDNG",24,"BUILDING"
"2","BDNG",19,"BUILDING"
"1","BDWY",1,"BROADWAY"
"1","BE",2,"BEND"
"1","BEACH",1,"BEACH"
"2","BEACH",2,"BEACH"
"1","BEND",1,"BEND"
"2","BEND",2,"BEND"
"1","BETWEEN",1,"BETWEEN"
"1","BG",1,"BURG"
"1","BH",2,"BEACH"
"1","BL",2,"BOULEVARD"
"1","BLD",24,"BUILDING"
"2","BLD",19,"BUILDING"
"1","BLDG",24,"BUILDING"
"2","BLDG",19,"BUILDING"
"1","BLDING",24,"BUILDING"
"2","BLDING",19,"BUILDING"
"1","BLDNG",24,"BUILDING"
"2","BLDNG",19,"BUILDING"
"1","BLF",1,"BLUFF"
"2","BLF",2,"BLUFF"
"1","BLG",24,"BUILDING"
"2","BLG",19,"BUILDING"
"1","BLUF",1,"BLUFF"
"1","BLUFF",1,"BLUFF"
"2","BLUFF",2,"BLUFF"
"1","BLV",2,"BOULEVARD"
"1","BLVD",2,"BOULEVARD"
"1","BLVR",2,"BULEVAR"
"1","BND",1,"BEND"
"2","BND",2,"BEND"
"1","BNK",1,"BANK"
"1","BO",1,"BOROUGH"
"2","BO",2,"BOURG"
"1","BOITE",14,"BOITE"
"1","BOITE POSTALE",14,"BOITE POSTALE"
"1","BORO",1,"BOROUGH"
"1","BOROUGH",1,"BOROUGH"
"1","BOT",17,"BOTTOM"
"2","BOT",1,"BOTTOM"
"1","BOTTM",17,"BOTTOM"
"2","BOTTM",1,"BOTTOM"
"1","BOTTOM",17,"BOTTOM"
"2","BOTTOM",1,"BOTTOM"
"1","BOUL",2,"BOULEVARD"
"1","BOULEVARD",2,"BOULEVARD"
"1","BOULV",2,"BOULEVARD"
"1","BOURG",2,"BOURG"
"1","BOX",14,"BOX"
"2","BOX",1,"BOX"
"1","BOX NO",14,"BOX"
"1","BP",2,"BYPASS"
"2","BP",3,"BYPASS"
"3","BP",14,"BOITE POSTALE"
"1","BR",1,"BRANCH"
"1","BRANCH",1,"BRANCH"
"1","BRDG",1,"BRIDGE"
"1","BRDGE",1,"BRIDGE"
"1","BRDWY",1,"BROADWAY"
"1","BRG",1,"BRIDGE"
"1","BRG",2,"BRIDGE"
"1","BRIDGE",1,"BRIDGE"
"1","BRIDGES",1,"BRIDGE"
"1","BRK",1,"BROOK"
"1","BROADWAY",1,"BROADWAY"
"1","BROOK",1,"BROOK"
"1","BRWY",1,"BROADWAY"
"1","BSMNT",17,"BASEMENT"
"1","BSMT",17,"BASEMENT"
"1","BSPK",24,"BUSINESS PARK"
"1","BSRT",6,"BUSINESS ROUTE"
"1","BSRTE",6,"BUSINESS ROUTE"
"1","BST",17,"BASEMENT"
"1","BTM",1,"BOTTOM"
"1","BTWN",1,"BETWEEN"
"1","BUENA VISTA",1,"BUENA VISTA"
"1","BUILD",24,"BUILDING"
"2","BUILD",19,"BUILDING"
"1","BUILDING",24,"BUILDING"
"2","BUILDING",19,"BUILDING"
"1","BUILDING NUMBER",19,"#"
"1","BUILDNG",24,"BUILDING"
"2","BUILDNG",19,"BUILDING"
"1","BULDNG",24,"BUILDING"
"2","BULDNG",19,"BUILDING"
"1","BULEVAR",2,"BULEVAR"
"1","BUR",17,"BUREAU"
"1","BUREAU",16,"BUREAU"
"2","BUREAU",1,"BUREAU"
"3","BUREAU",17,"BUREAU"
"1","BURG",1,"BURG"
"1","BUS",3,"BUSINESS"
"1","BUS CENTER",24,"BUSINESS PARK"
"1","BUS CENTR",24,"BUSINESS PARK"
"1","BUS CTR",24,"BUSINESS PARK"
"1","BUS PARK",24,"BUSINESS PARK"
"1","BUS PK",24,"BUSINESS PARK"
"1","BUSCENTER",24,"BUSINESS PARK"
"1","BUSCENTR",24,"BUSINESS PARK"
"1","BUSCTR",24,"BUSINESS PARK"
"1","BUSINESS",3,"BUSINESS"
"2","BUSINESS",1,"BUSINESS"
"1","BUSINESS CENTER",24,"BUSINESS PARK"
"1","BUSINESS CENTR",24,"BUSINESS PARK"
"1","BUSINESS CTR",24,"BUSINESS PARK"
"1","BUSINESS PARK",24,"BUSINESS PARK"
"1","BUSINESS PK",24,"BUSINESS PARK"
"1","BUSPARK",24,"BUSINESS PARK"
"1","BUSPK",24,"BUSINESS PARK"
"1","BUSROUTE",6,"BUSINESS ROUTE"
"1","BUSRT",6,"BUSINESS ROUTE"
"1","BUSRTE",6,"BUSINESS ROUTE"
"1","BV",2,"BOULEVARD"
"1","BX",14,"BOX"
"1","BY",2,"BYWAY"
"2","BY",1,"BY"
"1","BY PASS",3,"BYPASS"
"2","BY PASS",2,"BYPASS"
"1","BY WAY",2,"BYWAY"
"1","BYP",3,"BYPASS"
"2","BYP",2,"BYPASS"
"1","BYPA",3,"BYPASS"
"2","BYPA",2,"BYPASS"
"1","BYPAS",3,"BYPASS"
"2","BYPAS",2,"BYPASS"
"1","BYPASS",3,"BYPASS"
"2","BYPASS",2,"BYPASS"
"1","BYPS",3,"BYPASS"
"2","BYPS",2,"BYPASS"
"1","BYU",1,"BAYOU"
"1","BYWAY",2,"BYWAY"
"1","C",18,"C"
"1","C / O",9,"CARE OF"
"1","C D O",24,"COMMERCIAL DEALERSHIP"
"1","C F B",24,"CANADIAN FORCES BASE"
"1","C M C",24,"COMMUNITY MAIL CENTRE"
"1","C R",6,"COUNTY ROAD"
"2","C R",2,"COUNTY ROAD"
"1","C/O",9,"CARE OF"
"1","CALLE",2,"CALLE"
"1","CALLEJ",2,"CALLEJON"
"1","CALLEJA",2,"CALLEJA"
"1","CALLEJO",2,"CALLEJON"
"1","CALLEJON",2,"CALLEJON"
"1","CALLER",14,"POST OFFICE BOX"
"1","CAM",2,"CAMINO"
"1","CAMINITO",2,"CAMINITO"
"1","CAMINO",2,"CAMINO"
"1","CAMP",1,"CAMP"
"1","CAMPER PARK",24,"TRAILER PARK"
"1","CAMPER PK",24,"TRAILER PARK"
"1","CAMPUS",1,"CAMPUS"
"1","CAMPUS",2,"CAMPUS"
"1","CANADIAN FORCES BASE",24,"CANADIAN FORCES BASE"
"1","CANYON",1,"CANYON"
"1","CANYN",1,"CANYON"
"1","CAPE",1,"CAPE"
"2","CAPE",2,"CAPE"
"1","CARE OF",9,"CARE OF"
"1","CARR",2,"CARRETERA"
"1","CARRE",1,"CARRE"
"2","CARRE",2,"CARRE"
"1","CARREF",2,"CARREFOUR"
"1","CARREFOUR",2,"CARREFOUR"
"1","CARRETERA",2,"CARRETERA"
"1","CARRT",2,"CARRETERA"
"1","CAUSEWAY",2,"CAUSEWAY"
"1","CC",2,"CIRCUIT"
"1","CDN",1,"CANADIAN"
"1","CDO",24,"COMMERCIAL DEALERSHIP"
"1","CDS",2,"CUL DE SAC"
"1","CE",2,"CENTRE"
"1","CEN",24,"CENTER"
"2","CEN",2,"CENTER"
"1","CENT",24,"CENTER"
"2","CENT",2,"CENTER"
"1","CENTE",24,"CENTER"
"2","CENTE",2,"CENTER"
"1","CENTER",24,"CENTER"
"2","CENTER",2,"CENTER"
"3","CENTER",1,"CENTER"
"1","CENTERS",24,"CENTER"
"1","CENTR",24,"CENTER"
"2","CENTR",2,"CENTER"
"1","CENTRAL",1,"CENTRAL"
"1","CENTRE",24,"CENTER"
"2","CENTRE",2,"CENTER"
"3","CENTRE",1,"CENTER"
"1","CENTRES",24,"CENTER"
"1","CENTRO",24,"CENTER"
"2","CENTRO",2,"CENTER"
"1","CERCLE",2,"CERCLE"
"2","CERCLE",1,"CERCLE"
"1","CFB",24,"CANADIAN FORCES BASE"
"1","CG",2,"CROSSING"
"1","CH",2,"CHEMIN"
"2","CH",24,"CHURCH"
"1","CHASE",2,"CHASE"
"2","CHASE",1,"CHASE"
"1","CHEMIN",2,"CHEMIN"
"1","CHURCH",1,"CHURCH"
"2","CHURCH",24,"CHURCH"
"1","CIR",2,"CIRCLE"
"1","CIRC",2,"CIRCULO"
"1","CIRCL",2,"CIRCLE"
"1","CIRCLE",2,"CIRCLE"
"2","CIRCLE",1,"CIRCLE"
"1","CIRCT",2,"CIRCUIT"
"2","CIRCT",1,"CIRCUIT"
"1","CIRCUIT",2,"CIRCUIT"
"2","CIRCUIT",1,"CIRCUIT"
"1","CIRCULO",2,"CIRCULO"
"1","CJA",2,"CALLEJA"
"1","CJON",2,"CALLEJON"
"1","CK",1,"CREEK"
"1","CL",2,"CIRCLE"
"2","CL",1,"CIRCLE"
"1","CLB",2,"CLUB"
"2","CLB",24,"CLUB"
"3","CLB",1,"CLUB"
"1","CLF",1,"CLIFF"
"1","CLFS",1,"CLIFFS"
"1","CLG",24,"COLLEGE"
"1","CLIFF",1,"CLIFF"
"1","CLIFFS",1,"CLIFFS"
"1","CLLE",2,"CALLE"
"1","CLLJ",2,"CALLEJON"
"1","CLOS",2,"CLOSE"
"2","CLOS",1,"CLOSE"
"1","CLOSE",2,"CLOSE"
"2","CLOSE",1,"CLOSE"
"1","CLTN",24,"COLLECTION"
"1","CLUB",2,"CLUB"
"2","CLUB",24,"CLUB"
"3","CLUB",1,"CLUB"
"1","CMC",24,"COMMUNITY MAIL CENTRE"
"1","CMNS",2,"COMMONS"
"2","CMNS",24,"COMMONS"
"1","CMP",1,"CAMP"
"1","CN",2,"CONCESSION"
"2","CN",1,"CONCESSION"
"1","CNCN",24,"CONNECTION"
"1","CNR",24,"CORNER"
"2","CNR",2,"CORNER"
"1","CNT",24,"CENTER"
"2","CNT",2,"CENTER"
"1","CNTER",24,"CENTER"
"2","CNTER",2,"CENTER"
"1","CNTR",24,"CENTER"
"2","CNTR",2,"CENTER"
"1","CNTRE",24,"CENTER"
"2","CNTRE",2,"CENTER"
"1","CNTRL",1,"CENTRAL"
"1","CNTY HIGHWAY",6,"COUNTY HIGHWAY"
"1","CNTY HIWAY",6,"COUNTY HIGHWAY"
"1","CNTY HWY",6,"COUNTY HIGHWAY"
"1","CNTY RD",6,"COUNTY ROAD"
"2","CNTY RD",2,"COUNTY ROAD"
"1","CNTY ROAD",6,"COUNTY ROAD"
"2","CNTY ROAD",2,"COUNTY ROAD"
"1","CNTY ROUTE",6,"COUNTY ROUTE"
"1","CNTY RT",6,"COUNTY ROUTE"
"1","CNTY RTE",6,"COUNTY ROUTE"
"1","CNYN",1,"CANYON"
"4","CO",2,"COTE"
"1","CO HIGHWAY",6,"COUNTY HIGHWAY"
"1","CO HIWAY",6,"COUNTY HIGHWAY"
"1","CO HWY",6,"COUNTY HIGHWAY"
"1","CO RD",6,"COUNTY ROAD"
"2","CO RD",2,"COUNTY ROAD"
"1","CO ROAD",6,"COUNTY ROAD"
"2","CO ROAD",2,"COUNTY ROAD"
"1","CO ROUTE",6,"COUNTY ROUTE"
"1","CO RT",6,"COUNTY ROUTE"
"1","CO RTE",6,"COUNTY ROUTE"
"1","COHWY",6,"COUNTY HIGHWAY"
"1","COL",1,"COLONEL"
"1","COLL",24,"COLLEGE"
"2","COLL",1,"COLLEGE"
"1","COLLECTION",24,"COLLECTION"
"1","COLLEGE",24,"COLLEGE"
"2","COLLEGE",19,"COLLEGE"
"3","COLLEGE",1,"COLLEGE"
"1","COLONEL",1,"COLONEL"
"1","COLONIA",2,"COLONIA"
"2","COLONIA",1,"COLONIA"
"1","COMMERCIAL DEALERSHIP OU",24,"COMMERCIAL DEALERSHIP"
"1","COMMON",2,"COMMON"
"2","COMMON",24,"COMMONS"
"1","COMMONS",2,"COMMONS"
"2","COMMONS",24,"COMMONS"
"1","COMMUNITY MAIL CENTRE",24,"COMMUNITY MAIL CENTRE"
"1","COMN",2,"COMMON"
"2","COMN",24,"COMMONS"
"1","COMP",24,"COMPLEX"
"1","COMPLEX",24,"COMPLEX"
"1","CONC",2,"CONCESSION"
"2","CONC",1,"CONCESSION"
"1","CONCESSION",2,"CONCESSION"
"2","CONCESSION",1,"CONCESSION"
"1","COND",24,"CONDOMINIUMS"
"1","CONDO",24,"CONDOMINIUMS"
"1","CONDOMINIO",24,"CONDOMINIUMS"
"1","CONDOMINIUM",24,"CONDOMINIUMS"
"1","CONDOMINIUMS",24,"CONDOMINIUMS"
"1","CONDOS",24,"CONDOMINIUMS"
"3","CONN",2,"CONNECTOR"
"4","CONN",3,"CONNECTOR"
"1","CONNECTION",24,"CONNECTION"
"1","CONNECTOR",2,"CONNECTOR"
"2","CONNECTOR",3,"CONNECTOR"
"3","CONNECTOR",1,"CONNECTOR"
"1","CONTRACT",8,"HIGHWAY CONTRACT ROUTE"
"2","CONTRACT",1,"CONTRACT"
"1","COOP",24,"COOPERATIVE"
"2","COOP",1,"COOPERATIVE"
"1","COOPERATIVE",24,"COOPERATIVE"
"2","COOPERATIVE",1,"COOPERATIVE"
"1","COR",24,"CORNERS"
"2","COR",1,"CORNER"
"1","CORD",6,"COUNTY ROUTE"
"2","CORD",2,"COUNTY ROAD"
"1","CORNER",24,"CORNER"
"2","CORNER",1,"CORNER"
"3","CORNER",2,"CORNER"
"1","CORNERS",2,"CORNERS"
"2","CORNERS",24,"CORNERS"
"3","CORNERS",1,"CORNERS"
"1","CORS",2,"CORNERS"
"2","CORS",24,"CORNERS"
"3","CORS",1,"CORNERS"
"1","CORSO",2,"CORSO"
"2","CORSO",1,"CORSO"
"1","CORT",6,"COUNTY ROUTE"
"1","CORTE",6,"COUNTY ROUTE"
"2","CORTE",2,"COURT"
"1","COTE",2,"COTE"
"2","COTE",1,"COTE"
"1","COTTAGE",24,"COTTAGE"
"2","COTTAGE",19,"COTTAGE"
"3","COTTAGE",1,"COTTAGE"
"1","COUNTY",1,"COUNTY"
"2","COUNTY",6,"COUNY ROAD"
"1","COUNTY HIGHWAY",6,"COUNTY HIGHWAY"
"1","COUNTY HIWAY",6,"COUNTY HIGHWAY"
"1","COUNTY HWY",6,"COUNTY HIGHWAY"
"1","COUNTY RD",6,"COUNTY ROAD"
"2","COUNTY RD",2,"COUNTY ROAD"
"1","COUNTY ROAD",6,"COUNTY ROAD"
"2","COUNTY ROAD",2,"COUNTY ROAD"
"1","COUNTY ROUTE",6,"COUNTY ROUTE"
"1","COUNTY RT",6,"COUNTY ROUTE"
"1","COUNTY RTE",6,"COUNTY ROUTE"
"1","COUNTY TRUNK",6,"COUNTY ROAD"
"1","COUR",2,"COUR"
"1","COURSE",1,"COURSE"
"1","COURT",2,"COURT"
"2","COURT",1,"COURT"
"1","COURT HOUSE",24,"COURTHOUSE"
"1","COURT HSE",24,"COURTHOUSE"
"1","COURT YARD",24,"COURTYARD"
"1","COURTHOUSE",24,"COURTHOUSE"
"2","COURTHOUSE",1,"COURTHOUSE"
"1","COURTHSE",24,"COURTHOUSE"
"1","COURTS",2,"COURTS"
"2","COURTS",24,"COURTS"
"3","COURTS",1,"COURTS"
"1","COURTYARD",24,"COURTYARD"
"1","COURTYARDS",24,"COURTYARD"
"1","COV",2,"COVE"
"1","COVE",2,"COVE"
"1","CP",1,"CAMP"
"1","CPE",1,"CAPE"
"1","CPLX",24,"COMPLEX"
"1","CPO",14,"POST OFFICE BOX"
"1","CPO BOX",14,"POST OFFICE BOX"
"1","CR",2,"CRESCENT"
"2","CR",6,"COUNTY ROAD"
"1","CRCL",2,"CIRCLE"
"1","CRCLE",2,"CIRCLE"
"1","CRDS",24,"CROSSROADS"
"1","CREEK",1,"CREEK"
"1","CRES",2,"CRESCENT"
"1","CRESCENT",2,"CRESCENT"
"2","CRESCENT",1,"CRESCENT"
"1","CRESENT",2,"CRESCENT"
"1","CRK",1,"CREEK"
"2","CRK",2,"CREEK"
"1","CRNR",24,"CORNER"
"2","CRNR",2,"CORNER"
"1","CRNRS",2,"CORNERS"
"1","CROISSANT",2,"CROISSANT"
"2","CROISSANT",1,"CROISSANT"
"1","CROSS",2,"CROSS"
"2","CROSS",24,"CROSS"
"1","CROSS ROAD",24,"CROSSROAD"
"1","CROSS ROADS",24,"CROSSROADS"
"1","CROSSING",2,"CROSSING"
"2","CROSSING",24,"CROSSING"
"1","CROSSINGS",24,"CROSSING"
"1","CROSSROAD",2,"CROSSROAD"
"2","CROSSROAD",1,"CROSSROAD"
"1","CROSSROADS",24,"CROSSROADS"
"1","CRSCNT",2,"CRESCENT"
"1","CRSE",1,"COURSE"
"1","CRSENT",2,"CRESCENT"
"1","CRSG",2,"CROSSING"
"2","CRSG",24,"CROSSING"
"1","CRSGS",24,"CROSSING"
"1","CRSNT",2,"CRESCENT"
"1","CRSSNG",2,"CROSSING"
"2","CRSSNG",24,"CROSSING"
"1","CRST",2,"CRESCENT"
"1","CRT",2,"COURT"
"1","CRT HSE",24,"COURTHOUSE"
"1","CRTHSE",24,"COURTHOUSE"
"1","CRU",2,"CRUCE"
"1","CRUC",2,"CRUCE"
"1","CRUCE",2,"CRUCE"
"1","CRV",2,"CURVE"
"1","CS",2,"CLOSE"
"1","CSWY",2,"CAUSEWAY"
"1","CT",2,"COURT"
"2","CT",11,"CONNECTICUT"
"1","CT HSE",24,"COURTHOUSE"
"1","CT YARD",24,"COURTYARD"
"1","CT YD",24,"COURTYARD"
"1","CTER",24,"CENTER"
"2","CTER",2,"CENTER"
"1","CTHS",24,"COURTHOUSE"
"1","CTHSE",24,"COURTHOUSE"
"1","CTR",24,"CENTER"
"2","CTR",2,"CENTER"
"1","CTRO",24,"CENTER"
"1","CTS",2,"COURTS"
"2","CTS",24,"COURTS"
"3","CTS",1,"COURTS"
"1","CTY HIGHWAY",6,"COUNTY HIGHWAY"
"1","CTY HIWAY",6,"COUNTY HIGHWAY"
"1","CTY HWY",6,"COUNTY HIGHWAY"
"1","CTY RD",6,"COUNTY ROAD"
"2","CTY RD",2,"COUNTY ROAD"
"1","CTY ROAD",6,"COUNTY ROAD"
"2","CTY ROAD",2,"COUNTY ROAD"
"1","CTY ROUTE",6,"COUNTY ROUTE"
"1","CTY RT",6,"COUNTY ROUTE"
"1","CTY RTE",6,"COUNTY ROUTE"
"1","CTYD",24,"COURTYARD"
"1","CU",2,"COUR"
"1","CUL DE SAC",2,"CUL DE SAC"
"1","CULDESAC",2,"CUL DE SAC"
"1","CURRY RD",6,"CURRY ROAD"
"1","CURRY ROAD",6,"CURRY ROAD"
"1","CURV",1,"CURVE"
"2","CURV",2,"CURVE"
"1","CURVE",1,"CURVE"
"2","CURVE",2,"CURVE"
"1","CUSHING",1,"HARVEY L CUSHING"
"1","CV",2,"COVE"
"1","CX",2,"CHASE"
"1","CYN",1,"CANYON"
"1","CZ",2,"CORNERS"
"1","D",18,"D"
"2","D",7,"D"
"1","D B A",1,"DBA"
"1","D OR",1,"D OR"
"1","DALE",1,"DALE"
"2","DALE",2,"DALE"
"1","DAM",1,"DAM"
"1","DBA",1,"DBA"
"2","DE",7,"DE"
"4","DE",6,"DE"
"1","DE LA",7,"DE LA"
"1","DE LAS",7,"DE LAS"
"1","DE LOS",7,"DE LOS"
"2","DEL",7,"DE"
"1","DELL",1,"DELL"
"2","DELL",2,"DELL"
"1","DEPARTMENT",16,"DEPARTMENT"
"2","DEPARTMENT",1,"DEPARTMENT"
"1","DEPT",16,"DEPARTMENT"
"2","DEPT",1,"DEPARTMENT"
"1","DERE",16,"DERECHO"
"1","DERECHO",16,"DERECHO"
"1","DES",7,"DES"
"1","DEUX",1,"2"
"2","DEUX",0,"2"
"1","DEUXIEME",1,"DEUXIEME"
"1","DI",2,"DIVERSION"
"2","DI",1,"DIVERSION"
"3","DI",7,"DI"
"1","DIV",1,"DIVIDE"
"1","DIVERS",2,"DIVERSION"
"2","DIVERS",1,"DIVERSION"
"1","DIVERSION",2,"DIVERSION"
"2","DIVERSION",1,"DIVERSION"
"1","DIVIDE",1,"DIVIDE"
"1","DL",1,"DALE"
"2","DL",2,"DELL"
"1","DM",1,"DAM"
"1","DNS",2,"DOWNS"
"2","DNS",1,"DOWNS"
"1","DO",2,"DOWNS"
"1","DORM",24,"DORMITORY"
"2","DORMITORY,24,"DORMITORY"
"1","DOWN",17,"DOWN"
"2","DOWN",1,"DOWN"
"1","DOWNS",2,"DOWNS"
"2","DOWNS",1,"DOWNS"
"1","DOWNSTAIRS",17,"DOWNSTAIRS"
"1","DR",2,"DRIVE"
"2","DR",1,"DOCTOR"
"1","DRAW",1,"DRAW"
"2","DRAW",2,"DRAW"
"1","DRAWER",14,"POST OFFICE BOX"
"1","DRI",2,"DRIVE"
"1","DRIVE",2,"DRIVE"
"1","DRIVEWAY",2,"DRIVEWAY"
"1","DRV",2,"DRIVE"
"1","DRWY",2,"DRIVEWAY"
"1","DU",7,"DU"
"1","DV",1,"DIVIDE"
"1","E",22,"EAST"
"2","E",18,"E"
"1","EAST",22,"EAST"
"1","EAST & WEST",1,"EAST & WEST"
"1","EAST WEST",1,"EAST WEST"
"1","EASTBOUND",1,"EASTBOUND"
"2","EASTBOUND",3,"EASTBOUND"
"1","ECH",2,"ECHANGEUR"
"1","ECHO",2,"ECHO"
"2","ECHO",1,"ECHO"
"1","ECHANGEUR",2,"ECHANGEUR"
"1","EDF",24,"EDIFICIO"
"1","EDIF",24,"EDIFICIO"
"1","EDIFICIO",24,"EDIFICIO"
"1","EIGHT",1,"8"
"2","EIGHT",0,"8"
"1","EIGHT MILE",1,"EIGHT MILE"
"1","EIGHTEEN",0,"18"
"2","EIGHTEEN",1,"18"
"1","EIGHTEEEN MILE",1,"EIGHTEEEN MILE"
"1","EIGHTEENTH",1,"18"
"2","EIGHTEENTH",15,"18"
"1","EIGHTH",1,"8"
"2","EIGHTH",15,"8"
"1","EIGHTIETH",1,"80"
"2","EIGHTIETH",15,"80"
"1","EIGHTY",0,"80"
"2","EIGHTY",1,"80"
"1","EIGHTY EIGHT",0,"88"
"2","EIGHTY EIGHT",1,"88"
"1","EIGHTY EIGHTH",1,"88"
"2","EIGHTY EIGHTH",15,"88"
"1","EIGHTY FIFTH",1,"85"
"2","EIGHTY FIFTH",15,"85"
"1","EIGHTY FIRST",1,"81"
"2","EIGHTY FIRST",15,"81"
"1","EIGHTY FIVE",0,"85"
"2","EIGHTY FIVE",1,"85"
"1","EIGHTY FOUR",0,"84"
"2","EIGHTY FOUR",1,"84"
"1","EIGHTY FOURTH",1,"84"
"2","EIGHTY FOURTH",15,"84"
"1","EIGHTY NINE",0,"89"
"2","EIGHTY NINE",1,"89"
"1","EIGHTY NINTH",1,"89"
"2","EIGHTY NINTH",15,"89"
"1","EIGHTY ONE",0,"81"
"2","EIGHTY ONE",1,"81"
"1","EIGHTY SECOND",1,"82"
"2","EIGHTY SECOND",15,"82"
"1","EIGHTY SEVEN",0,"87"
"2","EIGHTY SEVEN",1,"87"
"1","EIGHTY SEVENTH",1,"87"
"2","EIGHTY SEVENTH",15,"87"
"1","EIGHTY SIX",0,"86"
"2","EIGHTY SIX",1,"86"
"1","EIGHTY SIXTH",1,"86"
"2","EIGHTY SIXTH",15,"86"
"1","EIGHTY THIRD",1,"83"
"2","EIGHTY THIRD",15,"83"
"1","EIGHTY THREE",0,"83"
"2","EIGHTY THREE",1,"83"
"1","EIGHTY TWO",0,"82"
"2","EIGHTY TWO",1,"82"
"1","EL",7,"EL"
"1","EL CAMINO",2,"CAMINO"
"1","ELEVEN",0,"11"
"2","ELEVEN",1,"11"
"1","ELEVEN MILE",1,"ELEVEN MILE"
"1","ELEVENTH",1,"11"
"2","ELEVENTH",15,"11"
"1","EMS",6,"EMS"
"1","EN",2,"END"
"1","END",1,"END"
"1","END",2,"END"
"1","ENT",17,"ENTRY"
"1","ENT",2,"ENTRY"
"1","ENTRY",17,"ENTRY"
"2","ENTRY",1,"ENTRY"
"1","ENTREE",17,"ENTREE"
"2","ENTREE",1,"ENTREE"
"1","ES",2,"ESPLANADE"
"1","ESP",24,"ESPLANADE"
"1","ESPL",24,"ESPLANADE"
"2","ESPL",2,"ESPLANADE"
"3","ESPL",1,"ESPLANADE"
"1","ESPLANADE",24,"ESPLANADE"
"2","ESPLANADE",1,"ESPLANADE"
"3","ESPLANADE",2,"ESPLANADE"
"1","EST",1,"ESTATES"
"2","EST",24,"ESTATES"
"3","EST",2,"ESTATES"
"4","EST",22,"EST"
"1","ESTATE",1,"ESTATES"
"2","ESTATE",24,"ESTATES"
"3","ESTATE",2,"ESTATES"
"1","ESTATES",1,"ESTATES"
"2","ESTATES",24,"ESTATES"
"3","ESTATES",2,"ESTATES"
"1","ESTE",22,"ESTE"
"2","ESTE",1,"ESTE"
"1","ESTS",1,"ESTATES"
"2","ESTS",24,"ESTATES"
"3","ESTS",2,"ESTATES"
"1","ET",2,"ESTATES"
"2","ET",17,"ETAGE"
"3","ET",7,"ET"
"1","ETAGE",1,"ETAGE"
"2","ETAGE",17,"ETAGE"
"1","EX",3,"EXTENDED"
"2","EX",2,"EXTENSION"
"1","EXCH",24,"EXCHANGE"
"2","EXCH",2,"EXCHANGE"
"1","EXCHANGE",24,"EXCHANGE"
"2","EXCHANGE",2","EXCHANGE"
"3","EXCHANGE",1,"EXCHANGE"
"1","EXEC",1,"EXECUTIVE"
"1","EXECUTIVE",1,"EXECUTIVE"
"1","EXP",2,"EXPRESSWAY"
"1","EXPR",2,"EXPRESSWAY"
"1","EXPRESO",2,"EXPRESO"
"1","EXPRESS",2,"EXPRESSWAY"
"1","EXPRESSWAY",2,"EXPRESSWAY"
"1","EXPW",2,"EXPRESSWAY"
"1","EXPWAY",2,"EXPRESSWAY"
"1","EXPWY",2,"EXPRESSWAY"
"1","EXPY",2,"EXPRESSWAY"
"1","EXT",3,"EXTENSION"
"2","EXT",2,"EXTENSION"
"1","EXTD",3,"EXTENDED"
"1","EXTEN",3,"EXTENSION"
"2","EXTEN",2,"EXTENSION"
"1","EXTENDED",3,"EXTENDED"
"1","EXTENSION",3,"EXTENSION"
"2","EXTENSION",2,"EXTENSION"
"1","EXTN",3,"EXTENSION"
"2","EXTN",2,"EXTENSION"
"1","EXTSN",3,"EXTENSION"
"2","EXTSN",2,"EXTENSION"
"1","EXWY",2,"EXPRESSWAY"
"1","F M",6,"FARM TO MARKET ROAD"
"1","F M RD",6,"FARM TO MARKET ROAD"
"2","F M RD",2,"FARM TO MARKET ROAD"
"1","F M ROAD",6,"FARM TO MARKET ROAD"
"2","F M ROAD",2,"FARM TO MARKET ROAD"
"1","FACTORY OUTLET",24,"OUTLET"
"1","FALL",1,"FALL"
"1","FALLS",1,"FALLS"
"1","FARM",1,"FARM"
"2","FARM",2,"FARM"
"1","FARM MAINTENANCE RD",6,"FARM MAINTENANCE ROAD"
"2","FARM MAINTENANCE RD",2,"FARM MAINTENANCE ROAD"
"1","FARM MARKET ROAD",6,"FARM TO MARKET ROAD"
"2","FARM MARKET ROAD",2,"FARM TO MARKET ROAD"
"1","FARM TO MARKET ROAD",6,"FARM TO MARKET ROAD"
"2","FARM TO MARKET ROAD",2,"FARM TO MARKET ROAD"
"1","FERRY",1,"FERRY"
"1","FERRY CROSSING",1,"FERRY"
"1","FEST",24,"FESTIVAL"
"1","FESTIVAL",24,"FESTIVAL"
"1","FIELD",1,"FIELD"
"2","FIELD",2,"FIELD"
"1","FIELDS",1,"FIELDS"
"1","FIFTEEN",0,"15"
"2","FIFTEEN",1,"15"
"1","FIFTEEN MILE",1,"FIFTEEN MI"
"1","FIFTEENTH",1,"15"
"2","FIFTEENTH",15,"15"
"1","FIFTH",1,"5"
"2","FIFTH",15,"5"
"1","FIFTIETH",1,"50"
"2","FIFTIETH",15,"50"
"1","FIFTY",0,"50"
"2","FIFTY",1,"50"
"1","FIFTY EIGHT",0,"58"
"2","FIFTY EIGHT",1,"58"
"1","FIFTY EIGHTH",1,"58"
"2","FIFTY EIGHTH",15,"58"
"1","FIFTY FIFTH",1,"55"
"2","FIFTY FIFTH",15,"55"
"1","FIFTY FIRST",1,"51"
"2","FIFTY FIRST",15,"51"
"1","FIFTY FIVE",0,"55"
"2","FIFTY FIVE",1,"55"
"1","FIFTY FOUR",0,"54"
"2","FIFTY FOUR",1,"54"
"1","FIFTY FOURTH",1,"54"
"2","FIFTY FOURTH",15,"54"
"1","FIFTY NINE",0,"59"
"2","FIFTY NINE",1,"59"
"1","FIFTY NINTH",1,"59"
"2","FIFTY NINTH",15,"59"
"1","FIFTY ONE",0,"51"
"2","FIFTY ONE",1,"51"
"1","FIFTY SECOND",1,"52"
"2","FIFTY SECOND",15,"52"
"1","FIFTY SEVEN",0,"57"
"2","FIFTY SEVEN",1,"57"
"1","FIFTY SEVENTH",1,"57"
"2","FIFTY SEVENTH",15,"57"
"1","FIFTY SIX",0,"56"
"2","FIFTY SIX",1,"56"
"1","FIFTY SIXTH",1,"56"
"2","FIFTY SIXTH",15,"56"
"1","FIFTY THIRD",1,"53"
"2","FIFTY THIRD",15,"53"
"1","FIFTY THREE",0,"53"
"2","FIFTY THREE",1,"53"
"1","FIFTY TWO",0,"52"
"2","FIFTY TWO",1,"52"
"1","FIRST",1,"1"
"2","FIRST",15,"1"
"1","FITCHBURG STATE",1,"FITCHBURG STATE"
"1","FIVE",0,"5"
"2","FIVE",1,"5"
"1","FIVE CEDARS",1,"FIVE CEDARS"
"1","FIVE CORNERS",1,"FIVE CORNERS"
"1","FIVE MILE",1,"FIVE MILE"
"1","FIVE POINTS",1,"FIVE POINTS"
"1","FIVE TOWN",1,"FIVE TOWN"
"1","FL",17,"FLOOR"
"1","FLAT",1,"FLAT"
"1","FLD",1,"FIELD"
"1","FLDS",1,"FIELDS"
"1","FLLS",1,"FALLS"
"1","FLOOR",17,"FLOOR"
"2","FLOOR",1,"FLOOR"
"1","FLR",17,"FLOOR"
"1","FLS",1,"FALLS"
"1","FLT",1,"FLAT"
"1","FLTS",1,"FLATS"
"1","FM",6,"FARM TO MARKET ROAD"
"1","FM RD",6,"FARM TO MARKET ROAD"
"2","FM RD",2,"FARM TO MARKET ROAD"
"1","FM ROAD",6,"FARM TO MARKET ROAD"
"2","FM ROAD",2,"FARM TO MARKET ROAD"
"1","FMRD",6,"FARM TO MARKET ROAD"
"2","FMRD",2,"FARM TO MARKET ROAD"
"1","FORD",1,"FORD"
"1","FOREST",1,"FOREST"
"1","FORGE",1,"FORGE"
"1","FORK",1,"FORK"
"1","FORKS",1,"FORKS"
"1","FORT",1,"FORT"
"1","FORTIETH",1,"40"
"2","FORTIETH",15,"40"
"1","FORTS",1,"FORT"
"1","FORTY",0,"40"
"2","FORTY",1,"40"
"1","FORTY EIGHT",0,"48"
"2","FORTY EIGHT",1,"48"
"1","FORTY EIGHTH",1,"48"
"2","FORTY EIGHTH",15,"48"
"1","FORTY FIFTH",1,"45"
"2","FORTY FIFTH",15,"45"
"1","FORTY FIRST",1,"41"
"2","FORTY FIRST",15,"41"
"1","FORTY FIVE",0,"45"
"2","FORTY FIVE",1,"45"
"1","FORTY FOUR",0,"44"
"2","FORTY FOUR",1,"44"
"1","FORTY FOURTH",1,"44"
"2","FORTY FOURTH",15,"44"
"1","FORTY NINE",0,"49"
"2","FORTY NINE",1,"49"
"1","FORTY NINTH",1,"49"
"2","FORTY NINTH",15,"49"
"1","FORTY ONE",0,"41"
"2","FORTY ONE",1,"41"
"1","FORTY SECOND",1,"42"
"2","FORTY SECOND",15,"42"
"1","FORTY SEVEN",0,"47"
"2","FORTY SEVEN",1,"47"
"1","FORTY SEVENTH",1,"47"
"2","FORTY SEVENTH",15,"47"
"1","FORTY SIX",0,"46"
"2","FORTY SIX",1,"46"
"1","FORTY SIXTH",1,"46"
"2","FORTY SIXTH",15,"46"
"1","FORTY THIRD",1,"43"
"2","FORTY THIRD",15,"43"
"1","FORTY THREE",0,"43"
"2","FORTY THREE",1,"43"
"1","FORTY TWO",0,"42"
"2","FORTY TWO",1,"42"
"1","FOUR",0,"4"
"2","FOUR",1,"4"
"1","FOUR CORNERS",1,"FOUR CORNERS"
"1","FOUR FLAGS",1,"FOUR FLAGS"
"1","FOUR MILE",1,"FOUR MILE"
"1","FOURTEEN",0,"14"
"2","FOURTEEN",1,"14"
"1","FOURTEEN MILE",1,"FOURTEEN MILE"
"1","FOURTEENTH",1,"14"
"2","FOURTEENTH",15,"14"
"1","FOURTH",1,"4"
"2","FOURTH",15,"4"
"1","FPO",14,"FPO"
"1","FRD",1,"FORD"
"1","FREEWAY",2,"FREEWAY"
"1","FREEWY",2,"FREEWAY"
"1","FRG",1,"FORGE"
"1","FRK",1,"FORK"
"1","FRKS",1,"FORKS"
"1","FRNT",1,"FRONT"
"2","FRNT",17,"FRONT"
"1","FROM",1,"FROM"
"1","FRONT",1,"FRONT"
"2","FRONT",17,"FRONT"
"3","FRONT",2,"FRONT"
"1","FRONTAGE",1,"FRONT"
"1","FRST",1,"FOREST"
"2","FRST",2,"FOREST"
"1","FRT",1,"FORT"
"1","FRWAY",2,"FREEWAY"
"1","FRWY",2,"FREEWAY"
"1","FRY",1,"FERRY"
"1","FS RD",2,"FOREST SERVICE ROAD"
"1","FT",1,"FORT"
"1","FWD",2,"FOUR WHEEL DRIVE TRAIL"
"1","FWY",2,"FREEWAY"
"1","FX",1,"FOX"
"1","G DEL",14,"GENERAL DELIVERY"
"1","G DELIVERY",14,"GENERAL DELIVERY"
"4","GA",2,"GARDENS"
"1","GALLERIA",1,"GALLERIA"
"2","GALLERIA",24,"GALLERIA"
"1","GALLERIE",1,"GALLERIA"
"2","GALLERIE",24,"GALLERIA"
"1","GALR",24,"GALLERIA"
"1","GARDEN",1,"GARDEN"
"1","GARDENS",1,"GARDENS"
"2","GARDENS",2,"GARDENS"
"3","GARDENS",24,"GARDENS"
"1","GATE",1,"GATE"
"2","GATE",2,"GATE"
"1","GATEWAY",1,"GATEWAY"
"2","GATEWAY",24,"GATEWAY"
"1","GD",14,"GENERAL DELIVERY"
"2","GD",2,"GROUNDS"
"1","GDN",1,"GARDEN"
"1","GDN",24,"GARDEN"
"1","GDNS",1,"GARDEN"
"2","GDNS",2,"GARDENS"
"3","GDNS",24,"GARDENS"
"1","GDS",1,"GARDEN"
"2","GDS",2,"GARDENS"
"1","GEN D",14,"GENERAL DELIVERY"
"1","GEN DEL",14,"GENERAL DELIVERY"
"1","GEN DELIVERY",14,"GENERAL DELIVERY"
"1","GENDEL",14,"GENERAL DELIVERY"
"1","GENERAL D",14,"GENERAL DELIVERY"
"1","GENERAL DEL",14,"GENERAL DELIVERY"
"1","GENERAL DELIVERY",14,"GENERAL DELIVERY"
"1","GL",2,"GLEN"
"1","GLADE",1,"GLADE"
"2","GLADE",2,"GLADE"
"1","GLEN",1,"GLEN"
"2","GLEN",2,"GLEN"
"1","GLN",1,"GLEN"
"2","GLN",2,"GLEN"
"1","GNDL",14,"GENERAL DELIVERY"
"1","GOV",1,"GOVERNOR"
"1","GOVERNOR",1,"GOVERNOR"
"1","GPO",14,"GPO"
"1","GR",1,"GROUND"
"2","GR",2,"GREEN"
"1","GREEN",1,"GREEN"
"2","GREEN",2,"GREEN"
"1","GREENE RD",6,"GREENE ROAD"
"1","GREENE ROAD",6,"GREENE ROAD"
"1","GRN",1,"GREEN"
"2","GRN",2,"GREEN"
"1","GRNDS",1,"GROUNDS"
"2","GRNDS",2,"GROUNDS"
"1","GROUND",1,"GROUND"
"1","GROUNDS",1,"GROUNDS"
"2","GROUNDS",2,"GROUNDS"
"1","GROVE",1,"GROVE"
"2","GROVE",2,"GROVE"
"1","GRV",1,"GROVE"
"2","GRV",2,"GROVE"
"1","GT",2,"GATE"
"1","GTWAY",1,"GATEWAY"
"2","GTWAY",24,"GATEWAY"
"1","GTWY",1,"GATEWAY"
"2","GTWY",24,"GATEWAY"
"1","GV",2,"GROVE"
"1","H C",8,"HIGHWAY CONTRACT ROUTE"
"1","H C R",8,"HIGHWAY CONTRACT ROUTE"
"1","H CONT",8,"HIGHWAY CONTRACT ROUTE"
"1","H CONTRACT",8,"HIGHWAY CONTRACT ROUTE"
"1","HALF",1,"HALF"
"1","HALL",24,"HALL"
"2","HALL",1,"HALL"
"1","HANGER",16,"HANGER"
"2","HANGER",1,"HANGER"
"1","HARBOR",1,"HARBOR"
"1","HARBOUR",1,"HARBOR"
"2","HARBOUR",2,"HARBOR"
"3","HARBOUR",24,"HARBOR"
"1","HARBR",1,"HARBOR"
"2","HARBR",2,"HARBOR"
"3","HARBR",24,"HARBOR"
"1","HARVEY L CUSHING",1,"HARVEY L CUSHING"
"1","HARVEY CUSHING",1,"HARVEY L CUSHING"
"1","HAVEN",1,"HAVEN"
"1","HBR",1,"HARBOR"
"2","HBR",2,"HARBOR"
"3","HBR",24,"HARBOR"
"1","HC",8,"HIGHWAY CONTRACT ROUTE"
"1","HC RT",8,"HIGHWAY CONTRACT ROUTE"
"1","HC RTE",8,"HIGHWAY CONTRACT ROUTE"
"1","HCO",8,"HIGHWAY CONTRACT ROUTE"
"1","HCR",8,"HIGHWAY CONTRACT ROUTE"
"1","HCRT",8,"HIGHWAY CONTRACT ROUTE"
"1","HEIGHT",1,"HEIGHTS"
"1","HEIGHTS",1,"HEIGHTS"
"2","HEIGHTS",2,"HEIGHTS"
"3","HEIGHTS",24,"HEIGHTS"
"1","HGHLDS",1,"HIGHLANDS"
"2","HGHLDS",2,"HIGHLANDS"
"1","HGT",1,"HEIGHTS"
"2","HGT",2,"HEIGHTS"
"3","HGT",24,"HEIGHTS"
"1","HGTS",1,"HEIGHTS"
"2","HGTS",2,"HEIGHTS"
"3","HGTS",24,"HEIGHTS"
"1","HGWY",6,"HIGHWAY"
"2","HGWY",2,"HIGHWAY"
"1","HGWY CONTRACT",8,"HIGHWAY CONTRACT ROUTE"
"1","HGWY FM",6,"FARM TO MARKET ROAD"
"1","HGY",6,"HIGHWAY"
"2","HGY",2,"HIGHWAY"
"1","HGY FM",6,"FARM TO MARKET ROAD"
"1","HI",6,"HIGHWAY"
"2","HI",2,"HIGHWAY"
"1","HIGH CONT",8,"HIGHWAY CONTRACT ROUTE"
"1","HIGH CONTRACT",8,"HIGHWAY CONTRACT ROUTE"
"1","HIGHLANDS",1,"HIGHLANDS"
"2","HIGHLANDS",2,"HIGHLANDS"
"1","HIGHWAY",6,"HIGHWAY"
"2","HIGHWAY",2,"HIGHWAY"
"1","HIGHWAY CONT",8,"HIGHWAY CONTRACT ROUTE"
"1","HIGHWAY CONTRACT",8,"HIGHWAY CONTRACT ROUTE"
"1","HIGHWAY CONTRACT ROUTE",8,"HIGHWAY CONTRACT ROUTE"
"1","HIGHWAY FM",6,"FARM TO MARKET ROAD"
"1","HIGHWY",6,"HIGHWAY"
"2","HIGHWY",2,"HIGHWAY"
"1","HIGHWY FM",6,"FARM TO MARKET ROAD"
"1","HILL",1,"HILL"
"2","HILL",2,"HILL"
"1","HILLS",1,"HILLS"
"1","HIWAY",6,"HIGHWAY"
"2","HIWAY",2,"HIGHWAY"
"1","HIWAY CONTRACT",8,"HIGHWAY CONTRACT ROUTE"
"1","HIWAY FM",6,"FARM TO MARKET ROAD"
"1","HIWY",6,"HIGHWAY"
"2","HIWY",2,"HIGHWAY"
"1","HIWY FM",6,"FARM TO MARKET ROAD"
"1","HL",1,"HILL"
"2","HL",2,"HILL"
"1","HLLW",1,"HOLLOW"
"2","HLLW",2,"HOLLOW"
"1","HLS",1,"HILLS"
"1","HNGR",16,"HANGER"
"2","HNGR",1,"HANGER"
"1","HO",2,"HOLLOW"
"2","H0",1,"HOLLOW"
"1","HOL",1,"HOLLOW"
"2","HOL",2,"HOLLOW"
"1","HOLLOW",1,"HOLLOW"
"2","H0LL0W",2,"HOLLOW"
"1","HOLW",1,"HOLLOW"
"2","HOLW",2,"HOLLOW"
"1","HOME",24,"HOME"
"2","HOME",1,"HOME"
"1","HOMES",24,"HOME"
"1","HOSP",24,"HOSPITAL"
"1","HOSPITAL",24,"HOSPITAL"
"1","HOTEL",24,"HOTEL"
"2","HOTEL",19,"HOTEL"
"1","HOUS",24,"HOUSE"
"2","HOUS",19,"HOUSE"
"1","HOUSE",24,"HOUSE"
"2","HOUSE",19,"HOUSE"
"3","HOUSE",1,"HOUSE"
"1","HOUSING PROJ",24,"PROJECTS"
"1","HOUSING PROJECTS",24,"PROJECTS"
"1","HRBR",1,"HARBOR"
"2","HRBR",2,"HARBOR"
"3","HRBR",24,"HARBOR"
"1","HRBOR",1,"HARBOR"
"2","HRBOR",2,"HARBOR"
"3","HRBOR",24,"HARBOR"
"1","HSE",24,"HOUSE"
"2","HSE",19,"HOUSE"
"1","HSE PROJ",24,"PROJECTS"
"1","HSE PROJECTS",24,"PROJECTS"
"1","HT",1,"HEIGHTS"
"2","HT",2,"HEIGHTS"
"3","HT",24,"HEIGHTS"
"1","HTL",24,"HOTEL"
"2","HTL",19,"HOTEL"
"1","HTS",1,"HEIGHTS"
"2","HTS",2,"HEIGHTS"
"3","HTS",24,"HEIGHTS"
"1","HUI RD",6,"HUI ROAD"
"1","HUI ROAD",6,"HUI ROAD"
"1","HVN",1,"HAVEN"
"1","HW",6,"HIGHWAY"
"2","HW",2,"HIGHWAY"
"1","HWAY",6,"HIGHWAY"
"2","HWAY",2,"HIGHWAY"
"1","HWC",8,"HIGHWAY CONTRACT ROUTE"
"1","HWY",6,"HIGHWAY"
"2","HWY",2,"HIGHWAY"
"1","HWY CONT",8,"HIGHWAY CONTRACT ROUTE"
"1","HWY CONTRACT",8,"HIGHWAY CONTRACT ROUTE"
"1","HWY FM",6,"FARM TO MARKET ROAD"
"1","HWYS",1,"HIGHWAYS"
"1","HY",6,"HIGHWAY"
"2","HY",2,"HIGHWAY"
"1","HY CONT",8,"HIGHWAY CONTRACT ROUTE"
"1","HY CONTRACT",8,"HIGHWAY CONTRACT ROUTE"
"1","HYWY",6,"HIGHWAY"
"2","HYWY",2,"HIGHWAY"
"1","I",6,"INTERSTATE HIGHWAY"
"2","I",18,"I"
"1","I H",6,"INTERSTATE HIGHWAY"
"1","IC",24,"INDUSTRIAL PARK"
"1","ICHG",1,"INTERCHANGE"
"1","IH",6,"INTERSTATE HIGHWAY"
"1","ILE",1,"ILE"
"2","ILE",2,"ILE"
"1","IM",2,"IMPASSE"
"1","IMM",24,"IMMEUBLE"
"2","IMM",19,"IMMEUBLE"
"1","IMMEUBLE",24,"IMMEUBLE"
"2","IMMEUBLE",19,"IMMEUBLE"
"1","IMP",2,"IMPASSE"
"1","IMPASSE",2,"IMPASSE"
"1","IN CARE OF",9,"CARE OF"
"1","INCTR",24,"INDUSTRIAL PARK"
"1","IND PARK",24,"INDUSTRIAL PARK"
"1","IND PK",24,"INDUSTRIAL PARK"
"1","INDC",24,"INDUSTRIAL PARK"
"1","INDL",1,"INDUSTRIAL"
"1","INDL CTR",24,"INDUSTRIAL PARK"
"1","INDL PARK",24,"INDUSTRIAL PARK"
"1","INDL PK",24,"INDUSTRIAL PARK"
"1","INDUSTRIAL",1,"INDUSTRIAL"
"1","INDUSTRIAL CENTER",24,"INDUSTRIAL PARK"
"1","INDUSTRIAL CTR",24,"INDUSTRIAL PARK"
"1","INDUSTRIAL PARK",24,"INDUSTRIAL PARK"
"1","INDUSTRIAL PK",24,"INDUSTRIAL PARK"
"1","INLET",1,"INLET"
"1","INLT",1,"INLET"
"1","INN",24,"INN"
"2","INN",1,"INN"
"1","INPK",24,"INDUSTRIAL PARK"
"1","INT L",1,"INTERNATIONAL"
"1","INTE",17,"INTERIOR"
"1","INTERCHANGE",1,"INTERCHANGE"
"1","INTERIOR",1,"INTERIOR"
"1","INTERIOR",17,"INTERIOR"
"1","INTERNATIONAL",1,"INTERNATIONAL"
"1","INTERSECTION",1,"INTERSECTION"
"1","INTERSTATE",6,"INTERSTATE HIGHWAY"
"2","INTERSTATE",1,"INTERSTATE HIGHWAY"
"1","INTERSTATE HIGHWAY",6,"INTERSTATE HIGHWAY"
"2","INTERSTATE HIGHWAY",1,"INTERSTATE HIGHWAY"
"1","INTERSTATE HWY",6,"INTERSTATE HIGHWAY"
"2","INTERSTATE HWY",1,"INTERSTATE HIGHWAY"
"1","INSTITUTE","1","INSTITUTE"
"2","INSTITUTE","19","INSTITUTE"
"3","INSTITUTE","24","INSTITUTE"
"1","INTL",1,"INTERNATIONAL"
"1","INTR",1,"INTERSECTION"
"1","IP",24,"INDUSTRIAL PARK"
"1","IPRK",24,"INDUSTRIAL PARK"
"1","IS",6,"INTERSTATE HIGHWAY"
"2","IS",1,"ISLE"
"3","IS",2,"ISLAND"
"1","ISLAND",1,"ISLAND"
"2","ISLAND",2,"ISLAND"
"1","ISLANDS",1,"ISLANDS"
"1","ISLE",1,"ISLE"
"1","ISLES",1,"ISLES"
"1","IZQU",16,"IZQUIERDO"
"1","IZQUIERDO",16,"IZQUIERDO"
"1","J F K",1,"JOHN F KENNEDY"
"1","J F KENNEDY",1,"JOHN F KENNEDY"
"1","JA",2,"JARDIN"
"1","JAF",24,"JAF"
"1","JAF BOX",14,"JAF BOX"
"1","JAF STATION",24,"JAF STATION"
"1","JARDIN",2,"JARDIN"
"2","JARDIN",1,"JARDIN"
"1","JCT",2,"JUNCTION"
"2","JCT",24,"JUNCTION"
"3","JCT",1,"JUNCTION"
"1","JCTION",2,"JUNCTION"
"2","JCTION",24,"JUNCTION"
"3","JCTION",1,"JUNCTION"
"1","JCTN",2,"JUNCTION"
"2","JCTN",24,"JUNCTION"
"3","JCTN",1,"JUNCTION"
"1","JEEP TRAIL",2,"JEEP TRAIL"
"1","JEEP TRL",2,"JEEP TRAIL"
"1","JFK",1,"JOHN F KENNEDY"
"1","JNCT",2,"JUNCTION"
"2","JNCT",24,"JUNCTION"
"3","JNCT",1,"JUNCTION"
"1","JOHN F KENNEDY",1,"JOHN F KENNEDY"
"1","JUNC",2,"JUNCTION"
"2","JUNC",24,"JUNCTION"
"3","JUNC",1,"JUNCTION"
"1","JUNCT",2,"JUNCTION"
"2","JUNCT",24,"JUNCTION"
"3","JUNCT",1,"JUNCTION"
"1","JUNCTION",2,"JUNCTION"
"2","JUNCTION",24,"JUNCTION"
"3","JUNCTION",1,"JUNCTION"
"1","JUNCTN",2,"JUNCTION"
"2","JUNCTN",24,"JUNCTION"
"3","JUNCTN",1,"JUNCTION"
"1","JUNCTON",2,"JUNCTION"
"2","JUNCTON",24,"JUNCTION"
"3","JUNCTON",1,"JUNCTION"
"1","K MART",1,"K MART"
"1","KEY",1,"KEY"
"2","KEY",2,"KEY"
"1","KEYSTONE ROUTE",8,"RURAL ROUTE"
"1","KEYSTONE RT",8,"RURAL ROUTE"
"1","KEYSTONE RTE",8,"RURAL ROUTE"
"1","KMART",1,"K MART"
"1","KNL",1,"KNOLL"
"2","KNL",2,"KNOLL"
"1","KNLS",1,"KNOLLS"
"2","KNLS",2,"KNOLLS"
"1","KNOLL",2,"KNOLL"
"1","KNOLLS",1,"KNOLLS"
"4","KY",2,"KEY"
"1","L B J",1,"LYNDON B JOHNSON"
"1","L B JOHNSON",1,"LYNDON B JOHNSON"
"1","L C D",24,"LETTER CARRIER DEPOT"
"1","LA",2,"LANE"
"2","LA",7,"LA"
"1","LAKE",1,"LAKE"
"1","LAKES",1,"LAKE"
"1","LAND",2,"LANDING"
"2","LAND",24,"LANDING"
"3","LAND",1,"LANDING"
"1","LANDING",2,"LANDING"
"2","LANDING",24,"LANDING"
"3","LANDING",1,"LANDING"
"1","LANDINGS",2,"LANDING"
"2","LANDINGS",24,"LANDING"
"3","LANDINGS",1,"LANDING"
"1","LANDNG",2,"LANDING"
"1","LANE",2,"LANE"
"1","LAS",7,"LAS"
"1","LBBY",17,"LOBBY"
"1","LBJ",1,"LYNDON B JOHNSON"
"1","LCD",24,"LETTER CARRIER DEPOT"
"1","LCKS",1,"LOCKS"
"1","LDG",2,"LODGE"
"2","LDG",24,"LODGE"
"3","LDG",1,"LODGE"
"1","LDGE",2,"LODGE"
"2","LDGE",24,"LODGE"
"3","LDGE",1,"LODGE"
"1","LE",2,"LANE"
"2","LE",1,"LE"
"3","LE",7,"LE"
"1","LEFT",17,"LEFT"
"2","LEFT",1,"LEFT"
"1","LES",7,"LES"
"1","LETTER CARRIER DEPOT",24,"LETTER CARRIER DEPOT"
"1","LEVEL",17,"LEVEL"
"2","LEVEL",1,"LEVEL"
"1","LF",1,"LOAF"
"1","LGT",1,"LIGHT"
"1","LI",2,"LINE"
"1","LIGHT",1,"LIGHT"
"1","LIMITS",2,"LIMITS"
"2","LIMITS",1,"LIMITS"
"1","LINE",2,"LINE"
"2","LINE",1,"LINE"
"1","LINK",2,"LINK"
"2","LINK",1,"LINK"
"1","LK",1,"LAKE"
"2","LK",2,"LINK"
"1","LKOUT",2,"LOOKOUT"
"1","LKS",1,"LAKE"
"1","LMTS",2,"LIMITS"
"2","LMTS",1,"LIMITS"
"1","LN",2,"LANE"
"1","LNDG",2,"LANDING"
"2","LNDG",24,"LANDING"
"3","LNDG",1,"LANDING"
"1","LNDNG",2,"LANDING"
"2","LNDNG",24,"LANDING"
"3","LNDNG",1,"LANDING"
"1","LO",2,"LOOP"
"1","LOAF",1,"LOAF"
"1","LOBBY",17,"LOBBY"
"1","LOBBY",1,"LOBBY"
"1","LOCAL",14,"BOX"
"1","LOCAL BOX",14,"BOX"
"1","LOCAL HCR",8,"HIGHWAY CONTRACT ROUTE"
"1","LOCAL PO BOX",14,"POST OFFICE BOX"
"1","LOCKBOX",14,"POST OFFICE BOX"
"1","LOCKS",1,"LOCKS"
"1","LODGE",2,"LODGE"
"2","LODGE",24,"LODGE"
"3","LODGE",1,"LODGE"
"1","LOOKOUT",2,"LOOKOUT"
"2","LOOKOUT",1,"LOOKOUT"
"1","LOOP",3,"LOOP"
"2","LOOP",2,"LOOP"
"1","LOS",7,"LOS"
"1","LOT",16,"LOT"
"2","LOT",17,"LOT"
"3","LOT",1,"LOT"
"1","LOWER",1,"LOWER"
"2","LOWER",17,"LOWER"
"1","LOWR",1,"LOWER"
"2","LOWR",17,"LOWER"
"1","LP",3,"LOOP"
"2","LP",2,"LOOP"
"1","LT",16,"LOT"
"2","LT",1,"LOT"
"3","LT",2,"LOOKOUT"
"1","LVL",17,"LEVEL"
"1","LWR",1,"LOWER"
"2","LWR",17,"LOWER"
"1","LYNDON B JOHNSON",1,"LYNDON B JOHNSON"
"1","M H P",24,"TRAILER PARK"
"1","M L K",1,"MARTIN LUTHER KING"
"1","M L KING",1,"MARTIN LUTHER KING"
"1","MAISON",24,"MAISON"
"2","MAISON",19,"MAISON"
"3","MAISON",1,"MAISON"
"1","MAL",2,"MALL"
"1","MALL",2,"MALL"
"2","MALL",24,"MALL"
"3","MALL",1,"MALL"
"1","MALL IN",24,"MALL"
"1","MANOR",2,"MANOR"
"2","MANOR",24,"MANOR"
"3","MANOR",1,"MANOR"
"1","MANORS",24,"MANOR"
"2","MANORS",1,"MANOR"
"1","MARG",2,"MARGINAL"
"1","MARGINAL",2,"MARGINAL"
"1","MARKET",24,"MARKET"
"2","MARKET",1,"MARKET"
"1","MARKET PL",24,"MARKET"
"1","MARKET PLACE",24,"MARKET"
"1","MARKETPLACE",24,"MARKET"
"1","MART",24,"MARKET"
"1","MARTIN KING",1,"MARTIN LUTHER KING"
"1","MARTIN L KING",1,"MARTIN LUTHER KING"
"1","MARTIN LUTHER",1,"MARTIN LUTHER KING"
"1","MARTIN LUTHER KING",1,"MARTIN LUTHER KING"
"1","MARTIN LUTHER KING JR",1,"MARTIN LUTHER KING"
"1","MAZE",2,"MAZE"
"1","MC",1,"MC"
"1","MDWS",1,"MEADOWS"
"2","MDWS",24,"MEADOWS"
"4","ME",2,"MEWS"
"1","MEADOW",1,"MEADOW"
"2","MEADOW",2,"MEADOW"
"1","MEADOWS",1,"MEADOWS"
"2","MEADOWS",24,"MEADOWS"
"1","MED",1,"MEDICAL"
"1","MEDICAL",1,"MEDICAL"
"1","MEM",1,"MEMORIAL"
"1","MEMORIAL",1,"MEMORIAL"
"1","MERC",24,"MERCADO"
"1","MERCADO",24,"MERCADO"
"1","MEWS",2,"MEWS"
"2","MEWS",1,"MEWS"
"3","MEWS",24,"MEWS"
"1","MH",16,"MOBILE HOME"
"1","MH CT",24,"TRAILER PARK"
"1","MH PARK",24,"TRAILER PARK"
"1","MHP",24,"TRAILER PARK"
"1","MI",20,"MILE POST"
"1","MI POST",1,"MILE"
"1","MIDDLE",17,"MIDDLE"
"2","MIDDLE",1,"MIDDLE"
"1","MILE",1,"MILE"
"2","MILE",20,"MILE POST"
"1","MILE POST",1,"MILE"
"2","MILE POST",20,"MILE POST"
"1","MILES",1,"MILE"
"1","MILL",1,"MILL"
"1","MILLS",1,"MILLS"
"1","MISSION",1,"MISSION"
"1","MKT",24,"MARKET"
"1","MKT PL",24,"MARKET"
"1","MKT PLACE",24,"MARKET"
"1","MKTPL",24,"MARKET"
"1","ML",2,"MALL"
"2","ML",24,"MALL"
"3","ML",1,"MALL"
"1","ML KING",1,"MARTIN LUTHER KING"
"1","MLK",1,"MARTIN LUTHER KING"
"1","MLS",1,"MILLS"
"1","MNR",2,"MANOR"
"2","MNR",24,"MANOR"
"3","MNR",1,"MANOR"
"1","MNRS",24,"MANOR"
"2","MNRS",1,"MANOR"
"1","MNT",1,"MOUNT"
"4","MO",2,"MONTEE"
"1","MOB HM PK",24,"TRAILER PARK"
"1","MOB HOME PARK",24,"TRAILER PARK"
"1","MOBIL HOME PARK",24,"TRAILER PARK"
"1","MOBIL HOME TRPK",24,"TRAILER PARK"
"1","MOBILE COURT",24,"TRAILER PARK"
"1","MOBILE CT",24,"TRAILER PARK"
"1","MOBILE EST",24,"TRAILER PARK"
"1","MOBILE ESTATE",24,"TRAILER PARK"
"1","MOBILE HM PK",24,"TRAILER PARK"
"1","MOBILE HOME",24,"TRAILER PARK"
"2","MOBILE HOME",16,"MOBILE HOME"
"1","MOBILE HOME PARK",24,"TRAILER PARK"
"1","MOBILE HOME PK",24,"TRAILER PARK"
"1","MOBILE HOME TRPK",24,"TRAILER PARK"
"1","MOBILE HOMES",24,"TRAILER PARK"
"1","MOBILE PARK",24,"TRAILER PARK"
"1","MOBILE ROUTE",8,"MOBILE ROUTE"
"1","MONTEE",2,"MONTEE"
"2","MONTEE",1,"MONTEE"
"1","MOOR",1,"MOOR"
"2","MOOR",2,"MOOR"
"1","MOTEL",24,"MOTEL"
"1","MOTORWAY",2,"MOTORWAY"
"1","MOUNT",1,"MOUNT"
"2","MOUNT",2,"MOUNT"
"1","MOUNTAIN",1,"MOUNTAIN"
"2","MOUNTAIN",2,"MOUNTAIN"
"1","MOUNTAINS",1,"MOUNTAIN"
"1","MP",1,"MILE"
"2","MP",20,"MILE POST"
"1","MR",8,"MOBILE ROUTE"
"1","MS",17,"MS"
"1","MSN",1,"MISSION"
"1","MT",1,"MOUNT"
"1","MTD ROUTE",8,"RURAL ROUTE"
"1","MTD RT",8,"RURAL ROUTE"
"1","MTD RTE",8,"RURAL ROUTE"
"1","MTL",24,"MOTEL"
"1","MTN",1,"MOUNTAIN"
"1","MTNS",1,"MOUNTAIN"
"1","MTWY",2,"MOTORWAY"
"1","MU",2,"MOUNT"
"1","MURO",2,"MURO"
"1","MW",2,"MEADOW"
"1","N",22,"NORTH"
"2","N",18,"N"
"1","N A B",1,"NAVAL AIR STATION"
"2","N A B",24,"NAVAL AIR STATION"
"1","N A S",1,"NAVAL AIR STATION"
"2","N A S",24,"NAVAL AIR STATION"
"1","N E",22,"NORTHEAST"
"1","N F D",2,"NATL FOREST DEVELOP ROAD"
"1","N W",22,"NORTHWEST"
"1","NAB",1,"NAVAL AIR STATION"
"2","NAB",24,"NAVAL AIR STATION"
"1","NAS",1,"NAVAL AIR STATION"
"2","NAS",24,"NAVAL AIR STATION"
"1","NATIONAL",1,"NATIONAL"
"1","NATL",1,"NATIONAL"
"1","NATL FOREST",1,"NATL FOREST"
"1","NATL FOREST DEVELOP ROAD",2,"NATL FOREST DEVELOP ROAD"
"1","NATL FOREST HIGHWAY",6,"NATL FOREST HIGHWAY"
"1","NAVAL AIR BASE",1,"NAVAL AIR STATION"
"2","NAVAL AIR BASE",24,"NAVAL AIR STATION"
"1","NAVAL AIR STATION",1,"NAVAL AIR STATION"
"2","NAVAL AIR STATION",24,"NAVAL AIR STATION"
"1","NAVAL BASE",1,"NAVAL AIR STATION"
"2","NAVAL BASE",24,"NAVAL AIR STATION"
"1","NCK",1,"NECK"
"1","NE",22,"NORTHEAST"
"1","NEAR",1,"NEAR"
"1","NECK",1,"NECK"
"1","NF HWY",6,"NATL FOREST HIGHWAY"
"1","NFD",2,"NATL FOREST DEVELOP ROAD"
"1","NFD",6,"NATL FOREST DEVELOP ROAD"
"1","NFHWY",6,"NATL FOREST HIGHWAY"
"1","NINE",1,"9"
"2","NINE",0,"9"
"1","NINE MILE",1,"NINE MILE"
"1","NINETEEN",0,"19"
"2","NINETEEN",1,"19"
"1","NINETEEN MILE",1,"NINETEEN MILE"
"1","NINETEENTH",1,"19"
"2","NINETEENTH",15,"19"
"1","NINETIETH",1,"90"
"2","NINETIETH",15,"90"
"1","NINETY",0,"90"
"2","NINETY",1,"90"
"1","NINETY EIGHT",0,"98"
"2","NINETY EIGHT",1,"98"
"1","NINETY EIGHTH",1,"98"
"2","NINETY EIGHTH",15,"98"
"1","NINETY FIFTH",1,"95"
"2","NINETY FIFTH",15,"95"
"1","NINETY FIRST",1,"91"
"2","NINETY FIRST",15,"91"
"1","NINETY FIVE",0,"95"
"2","NINETY FIVE",1,"95"
"1","NINETY FOUR",0,"94"
"2","NINETY FOUR",1,"94"
"1","NINETY FOURTH",1,"94"
"2","NINETY FOURTH",15,"94"
"1","NINETY NINE",0,"99"
"2","NINETY NINE",1,"99"
"1","NINETY NINTH",1,"99"
"2","NINETY NINTH",15,"99"
"1","NINETY ONE",0,"91"
"2","NINETY ONE",1,"91"
"1","NINETY SECOND",1,"92"
"2","NINETY SECOND",15,"92"
"1","NINETY SEVEN",0,"97"
"2","NINETY SEVEN",1,"97"
"1","NINETY SEVENTH",1,"97"
"2","NINETY SEVENTH",15,"97"
"1","NINETY SIX",0,"96"
"2","NINETY SIX",1,"96"
"1","NINETY SIXTH",1,"96"
"2","NINETY SIXTH",15,"96"
"1","NINETY THIRD",1,"93"
"2","NINETY THIRD",15,"93"
"1","NINETY THREE",0,"93"
"2","NINETY THREE",1,"93"
"1","NINETY TWO",0,"92"
"2","NINETY TWO",1,"92"
"1","NINTH",1,"9"
"2","NINTH",15,"9"
"1","NO",16,"#"
"2","NO",22,"NORTH"
"3","NO",7,"#"
"1","NOR",22,"NORTH"
"1","NORD",22,"NORD"
"1","NORD EST",22,"NORD EST"
"1","NORD OUEST",22,"NORD OUEST"
"1","NORDEST",22,"NORD EST"
"1","NORDOUEST",22,"NORD OUEST"
"1","NORTE",22,"NORTH"
"1","NORTH",22,"NORTH"
"1","NORTH & SOUTH",1,"NORTH & SOUTH"
"1","NORTH EAST",22,"NORTHEAST"
"1","NORTH SOUTH",1,"NORTH SOUTH"
"1","NORTH WEST",22,"NORTHWEST"
"1","NORTHBOUND",1,"NORTHBOUND"
"2","NORTHBOUND",3,"NORTHBOUND"
"1","NORTHEAST",22,"NORTHEAST"
"1","NR",1,"NEAR"
"1","NTH",22,"NORTH"
"1","NUMBER",16,"#"
"2","NUMBER",7,"#"
"1","NW",22,"NORTHWEST"
"1","O",18,"0"
"2","O",7,"O"
"1","OESTE",22,"OESTE"
"1","OF",7,"OF"
"1","OF PK",24,"OFFICE PARK"
"1","OF PRK",24,"OFFICE PARK"
"1","OFC",17,"OFFICE"
"1","OFC CENTER",24,"OFFICE PARK"
"1","OFC COMPLEX",24,"OFFICE PARK"
"1","OFC CTR",24,"OFFICE PARK"
"1","OFC PARK",24,"OFFICE PARK"
"1","OFC PRK",24,"OFFICE PARK"
"1","OFFICE",17,"OFFICE"
"2","OFFICE",24,"OFFICE PARK"
"1","OFFICE CENTER",24,"OFFICE PARK"
"1","OFFICE COMPLEX",24,"OFFICE PARK"
"1","OFFICE CTR",24,"OFFICE PARK"
"1","OFFICE PARK",24,"OFFICE PARK"
"1","OFFICE PRK",24,"OFFICE PARK"
"1","OFFICES",24,"OFFICE PARK"
"1","OFPK",24,"OFFICE PARK"
"1","OFPRK",24,"OFFICE PARK"
"1","OLD",3,"OLD"
"2","OLD",1,"OLD"
"4","ON",7,"ON"
"1","ONE",1,"1"
"2","ONE",0,"1"
"1","ONE HUNDRED",1,"ONE HUNDRED"
"2","ONE HUNDRED",0,"100"
"1","ONE MILE",1,"ONE MILE"
"1","ORCH",1,"ORCHARD"
"1","ORCHARD",1,"ORCHARD"
"2","ORCHARD",2,"ORCHARD"
"1","OTLT",24,"OUTLET"
"1","OUEST",22,"OUEST"
"1","OUTLET",24,"OUTLET"
"1","OUTLETS",24,"OUTLET"
"1","OUTS",1,"OUTSIDE OF"
"1","OUTSIDE",1,"OUTSIDE OF"
"1","OVAL",2,"OVAL"
"1","OVERPASS",2,"OVERPASS"
"1","OVPS",2,"OVERPASS"
"1","P BOX",14,"POST OFFICE BOX"
"1","P BX",14,"POST OFFICE BOX"
"1","P H",17,"PENTHOUSE"
"1","P O",14,"POST OFFICE BOX"
"1","P O B",14,"POST OFFICE BOX"
"1","P O B X",14,"POST OFFICE BOX"
"1","P O BOX",14,"POST OFFICE BOX"
"1","P O BX",14,"POST OFFICE BOX"
"1","P O DRAWER",14,"POST OFFICE BOX"
"4","PA",2,"PARADE"
"1","PAR",16,"PARCELAS"
"2","PAR",1,"PARCELAS"
"3","PAR",6,"PARCELAS"
"1","PAR RD",6,"PARISH ROAD"
"1","PAR ROAD",6,"PARISH ROAD"
"1","PARADE",2,"PARADE"
"2","PARADE",1,"PARADE"
"1","PARADERO",1,"PARADERO"
"1","PARC",1,"PARC"
"2","PARC",24,"PARC"
"3","PARC",2,"PARC"
"1","PARCELAS",16,"PARCELAS"
"1","PARISH RD",6,"PARISH ROAD"
"1","PARISH ROAD",6,"PARISH ROAD"
"1","PARK",1,"PARK"
"2","PARK",24,"PARK"
"3","PARK",2,"PARK"
"1","PARK & SHOP",24,"SHOPPING CENTER"
"1","PARK N SHOP",24,"SHOPPING CENTER"
"1","PARKWAY",2,"PARKWAY"
"1","PARKWY",2,"PARKWAY"
"1","PARQUE",2,"PARQUE"
"1","PARRD",6,"PARISH ROAD"
"1","PASAJE",2,"PASAJE"
"1","PASEO",2,"PASEO"
"1","PASO",1,"PASO"
"2","PASO",2","PASO"
"1","PASS",2,"PASS"
"1","PASSAGE",2,"PASSAGE"
"1","PATH",2,"PATH"
"1","PATHWAY",2,"PATHWAY"
"1","PAVILION",24,"PAVILLION"
"2","PAVILION",1,"PAVILLION"
"1","PAVILIONS",24,"PAVILLION"
"2","PAVILIONS",1,"PAVILLION"
"1","PAVILLION",24,"PAVILLION"
"2","PAVILLION",1,"PAVILLION"
"1","PAVILLIONS",24,"PAVILLION"
"2","PAVILLIONS",1,"PAVILLION"
"1","PAVL",24,"PAVILLION"
"2","PAVL",1,"PAVILLION"
"1","PD",1,"POND"
"1","PDA",1,"PARADERO"
"1","PENTHOUSE",17,"PENTHOUSE"
"1","PH",17,"PENTHOUSE"
"2","PH",2,"PATH"
"1","PIECE",16,"PIECE"
"2","PIECE",17,"PIECE"
"1","PIER",16,"PIER"
"2","PIER",1,"PIER"
"3","PIER",24,"PIER"
"1","PIKE",2,"PIKE"
"1","PINES",1,"PINES"
"2","PINES",2,"PINES"
"1","PISO",16,"PISO"
"1","PISTA",2,"PISTA"
"1","PK",1,"PARK"
"2","PK",24,"PARK"
"3","PK",2,"PARK"
"1","PKE",2,"PIKE"
"1","PKW",2,"PARKWAY"
"1","PKWAY",2,"PARKWAY"
"1","PKWY",2,"PARKWAY"
"1","PKY",2,"PARKWAY"
"1","PL",2,"PLACE"
"1","PLACE",2,"PLACE"
"1","PLAIN",1,"PLAINS"
"1","PLAINS",1,"PLAINS"
"1","PLANTATION",24,"PLANTATION"
"2","PLANTATION",1,"PLANTATION"
"1","PLATEAU",1,"PLATEAU"
"2","PLATEAU",2,"PLATEAU"
"1","PLAZA",2,"PLAZA"
"2","PLAZA",24,"PLAZA"
"1","PLC",2,"PLACE"
"1","PLN",1,"PLAINS"
"1","PLNS",1,"PLAINS"
"1","PLNT",24,"PLANTATION"
"1","PLZ",2,"PLAZA"
"2","PLZ",24,"PLAZA"
"1","PLZA",2,"PLAZA"
"2","PLZA",24,"PLAZA"
"1","PM",2,"PROMENADE"
"1","PNES",1,"PINES"
"1","PO",14,"POST OFFICE BOX"
"1","PO B",14,"POST OFFICE BOX"
"1","PO B OX",14,"POST OFFICE BOX"
"1","PO B X",14,"POST OFFICE BOX"
"1","PO BOX",14,"POST OFFICE BOX"
"1","PO BX",14,"POST OFFICE BOX"
"1","PO DRAWER",14,"POST OFFICE BOX"
"1","POB",14,"POST OFFICE BOX"
"1","POBOX",14,"POST OFFICE BOX"
"1","POINT",1,"POINT"
"1","PORT",1,"PORT"
"2","PORT",2,"PORT"
"1","POST BOX",14,"POST OFFICE BOX"
"1","POST BX",14,"POST OFFICE BOX"
"1","POST OFFICE BOX",14,"POST OFFICE BOX"
"1","POSTAL BOX",14,"POST OFFICE BOX"
"1","POSTAL BX",14,"POST OFFICE BOX"
"1","POSTAL OUTLET",14,"POSTAL OUTLET"
"2","POSTAL OUTLET",24,"POSTAL OUTLET"
"1","POSTOFFICE BOX",14,"POST OFFICE BOX"
"1","POSTOFFICE BX",14,"POST OFFICE BOX"
"1","POUCH",14,"POST OFFICE BOX"
"4","PR",2,"PARK"
"1","PR HI",6,"PROVINCIAL HIGHWAY"
"1","PR HIGHWAY",6,"PROVINCIAL HIGHWAY"
"1","PR HWY",6,"PROVINCIAL HIGHWAY"
"1","PR ROUTE",6,"STATE ROUTE"
"1","PR RT",6,"PROVINCIAL ROUTE"
"1","PR RTE",6,"PROVINCIAL ROUTE"
"1","PRAIRIE",1,"PRAIRIE"
"1","PREMIERE",1,"1"
"2","PREMIERE",15,"1"
"1","PRIVATE",1,"PRIVATE"
"2","PRIVATE",2,"PRIVATE"
"1","PRK",1,"PARK"
"2","PRK",24,"PARK"
"3","PRK",2,"PARK"
"1","PRO",1,"PROFESSIONAL"
"1","PROF",1,"PROFESSIONAL"
"1","PROFESSIONAL",1,"PROFESSIONAL"
"1","PROJ",24,"PROJECTS"
"1","PROJECTS",24,"PROJECTS"
"1","PROM",24,"PROMENADE"
"2","PROM",2,"PROMENADE"
"1","PROMENADE",24,"PROMENADE"
"2","PROMENADE",2,"PROMENADE"
"1","PROVINCIAL HI",6,"PROVINCIAL HIGHWAY"
"1","PROVINCIAL HIGHWAY",6,"PROVINCIAL HIGHWAY"
"1","PROVINCIAL HWY",6,"PROVINCIAL HIGHWAY"
"1","PROVINCIAL HY",6,"PROVINCIAL HIGHWAY"
"1","PROVINCIAL ROUTE",6,"PROVINCIAL ROUTE"
"1","PROVINCIAL RT",6,"PROVINCIAL ROUTE"
"1","PROVINCIAL RTE",6,"PROVINCIAL ROUTE"
"1","PRQE",2,"PARQUE"
"1","PRRD",6,"PARISH ROAD"
"1","PRT",1,"PORT"
"2","PRT",2,"PORT"
"1","PSC",8,"PSC"
"1","PSO",2,"PASEO"
"1","PSTA",2,"PISTA"
"1","PT",1,"POINT"
"2","PT",2,"POINT"
"1","PTE",2,"PUENTE"
"1","PU",2,"PLATEAU"
"1","PUENTE",2,"PUENTE"
"1","PV",2,"PRIVATE"
"1","PVT",1,"PRIVATE"
"2","PVT",2,"PRIVATE"
"1","PW",2,"PATHWAY"
"1","PWY",2,"PARKWAY"
"1","PWKY",2,"PARKWAY"
"1","PY",2,"PARKWAY"
"1","QTRS",24,"QUARTERS"
"1","QU",2,"QUAY"
"1","QUAI",2,"QUAI"
"2","QUAI",1,"QUAI"
"1","QUARTERS",24,"QUARTERS"
"1","QUATRE",1,"4"
"2","QUATRE",0,"3"
"1","QUATRIEME",1,"QUATRIEME"
"1","QUAY",2,"QUAY"
"2","QUAY",1,"QUAY"
"1","QUAY RD",6,"QUAY ROAD"
"1","QUAY ROAD",6,"QUAY ROAD"
"1","R",18,"R"
"2","R",8,"RURAL ROUTE"
"1","R D",8,"RURAL ROUTE"
"1","R D NO",8,"RURAL ROUTE"
"1","R F D",8,"RURAL ROUTE"
"1","R NO",8,"RURAL ROUTE"
"1","R P O",14,"POSTAL OUTLET"
"2","R P O",24,"POSTAL OUTLET"
"1","R R",8,"RURAL ROUTE"
"1","R R NO",8,"RURAL ROUTE"
"1","R RT",8,"RURAL ROUTE"
"1","R RTE",8,"RURAL ROUTE"
"1","R T",6,"ROUTE"
"2","R T",8,"ROUTE"
"1","RA",2,"RANGE"
"1","RADIAL",1,"RADIAL"
"1","RADL",1,"RADIAL"
"1","RAMAL",2,"RAMAL"
"1","RAMP",2,"RAMP"
"1","RAMPA",2,"RAMPA"
"1","RANCH",1,"RANCH"
"1","RANCH TO MARKET ROAD",6,"RANCH TO MARKET ROAD"
"1","RANCH TO MARKET ROAD",2,"RANCH TO MARKET ROAD"
"1","RANCH RD",6,"RANCH ROAD"
"1","RANCH RD",2,"RANCH ROAD"
"1","RANCH ROAD",6,"RANCH ROAD"
"1","RANCH ROAD",2,"RANCH ROAD"
"1","RANG",2,"RANG"
"2","RANG",1,"RANG"
"1","RANGE",2,"RANGE"
"2","RANGE",1,"RANGE"
"1","RANGE ROAD",6,"RANGE ROAD"
"1","RANGE ROAD",2,"RANGE ROAD"
"1","RAPIDS",1,"RAPIDS"
"1","RD",2,"ROAD"
"1","RDG",1,"RIDGE"
"2","RDG",2,"RIDGE"
"1","RDPT",2,"ROND POINT"
"1","RDS",1,"ROADS"
"1","RDWY",2,"ROADWAY"
"1","RE",2,"RIDGE"
"1","REAR",17,"REAR"
"1","REAR",1,"REAR"
"1","RES",24,"RESIDENCIA"
"1","RES HWY",6,"RESERVATION HIGHWAY"
"1","RESERVATION HIGHWAY",6,"RESERVATION HIGHWAY"
"1","RESHY",6,"RESERVATION HIGHWAY"
"1","RESIDENCIA",24,"RESIDENCIA"
"1","RESORT",1,"RESORT"
"2","RESORT",24,"RESORT"
"1","REST",1,"REST"
"1","REZ DE CHAUSEE",17,"REZ DE CHAUSEE"
"1","RFD",8,"RURAL ROUTE"
"1","RFD ROUTE",8,"RURAL ROUTE"
"1","RG",2,"RANGE"
"2","RG",1,"RANGE"
"1","RGHT",17,"RIGHT"
"4","RI",2,"RISE"
"1","RIDGE",1,"RIDGE"
"2","RIDGE",2,"RIDGE"
"1","RIGHT",17,"RIGHT"
"1","RISE",2,"RISE"
"1","RIV",1,"RIVER"
"1","RIVER",1,"RIVER"
"1","RL",2,"RUELLE"
"1","RLE",2,"RUELLE"
"1","RM",16,"ROOM"
"2","RM",17,"ROOM"
"3","RM",6,"RANCH TO MARKET ROAD"
"4","RM",2,"RANCH TO MARKET ROAD"
"1","RM RD",6,"RANCH TO MARKET ROAD"
"1","RM RD",2,"RANCH TO MARKET ROAD"
"1","RML",2,"RAMAL"
"1","RMP",2,"RAMP"
"1","RN",2,"RUN"
"1","RNCH",1,"RANCH"
"1","RNG ROAD",6,"RANGE ROAD"
"1","RNG ROAD",2,"RANGE ROAD"
"1","RO",2,"ROUTE"
"1","ROAD",2,"ROAD"
"1","ROADS",1,"ROADS"
"1","ROADWAY",2,"ROADWAY"
"1","ROND POINT",2,"ROND POINT"
"1","ROOM",16,"ROOM"
"1","ROUTE",6,"ROUTE"
"2","ROUTE",8,"ROUTE"
"3","ROUTE",2,"ROUTE"
"1","ROUTE NO",6,"ROUTE"
"2","ROUTE NO",8,"ROUTE"
"1","ROUTE NUMBER",6,"ROUTE"
"2","ROUTE NUMBER",8,"ROUTE"
"1","ROUTES",6,"ROUTES"
"1","ROW",2,"ROW"
"1","RP",2,"RAMP"
"1","RPDS",1,"RAPIDS"
"1","RPO",14,"POSTAL OUTLET"
"2","RPO",24,"POSTAL OUTLET"
"1","RR",8,"RURAL ROUTE"
"1","RR NO",8,"RURAL ROUTE"
"1","RRT",8,"RURAL ROUTE"
"1","RRTE",8,"RURAL ROUTE"
"1","RSRT",1,"RESORT"
"2","RSRT",24,"RESORT"
"1","RT",6,"ROUTE"
"2","RT",8,"ROUTE"
"1","RT NO",6,"ROUTE"
"2","RT NO",8,"ROUTE"
"1","RTE ROUTE CORD",6,"COUNTY ROAD"
"1","RTE ROUTE COUNTY ROAD",2,"COUNTY ROAD"
"1","RTE",6,"ROUTE"
"2","RTE",8,"ROUTE"
"3","RTE",2,"ROUTE"
"1","RU",2,"RUE"
"1","RUE",2,"RUE"
"1","RUELLE",2,"RUELLE"
"1","RUN",2,"RUN"
"2","RUN",1,"RUN"
"1","RURAL",1,"RURAL"
"1","RURAL",8,"RURAL ROUTE"
"1","RURAL ROUTE",8,"RURAL ROUTE"
"1","RURAL ROUTE NO",8,"RURAL ROUTE"
"1","RURAL RT",8,"RURAL ROUTE"
"1","RUTA",2,"RUTA"
"1","RW",2,"ROW"
"1","S",22,"SOUTH"
"2","S",18,"S"
"1","S / C",24,"SHOPPING CENTER"
"1","S C",24,"SHOPPING CENTER"
"1","S E",22,"SOUTH EAST"
"1","S R",6,"STAR ROUTE"
"2","S R",8,"STAR ROUTE"
"1","S RT",6,"STAR ROUTE"
"2","S RT",8,"STAR ROUTE"
"1","S W",22,"SOUTHWEST"
"1","S/C",24,"SHOPPING CENTER"
"1","SAINT",1,"SAINT"
"1","SAINTE",1,"SAINTE"
"1","SANTA FE",1,"SANTA FE"
"1","SC",24,"SHOPPING CENTER"
"1","SCH",24,"SCHOOL"
"1","SCHOOL",24,"SCHOOL"
"2","SCHOOL",1,"SCHOOL"
"1","SE",22,"SOUTHEAST"
"1","SEARING ROUTE",8,"RURAL ROUTE"
"1","SEARING RT",8,"RURAL ROUTE"
"1","SEARING RTE",8,"RURAL ROUTE"
"1","SECOND",1,"2"
"2","SECOND",15,"2"
"1","SEM",24,"SEMINARY"
"1","SEMINARY",24,"SEMINARY"
"2","SEMINARY",1,"SEMINARY"
"1","SENDERO",2,"SENDERO"
"1","SENT",2,"SENTIER"
"1","SENTIER",2,"SENTIER"
"1","SER RD",2,"SERVICE ROAD"
"1","SERV RD",2,"SERVICE ROAD"
"1","SERV ROAD",2,"SERVICE ROAD"
"1","SERVICE","1","SERVICE"
"2","SERVICE",2,"SERVICE ROAD"
"1","SERVICE RD",2,"SERVICE ROAD"
"1","SERVICE ROAD",2,"SERVICE ROAD"
"1","SEVEN",0,"7"
"2","SEVEN",1,"7"
"1","SEVEN CORNERS",1,"SEVEN CORNERS"
"2","SEVEN CORNERS",24,"SEVEN CORNERS"
"1","SEVEN MILE",1,"SEVEN MILE"
"1","SEVENTEEN",0,"17"
"2","SEVENTEEN",1,"17"
"1","SEVENTEEN MILE",1,"SEVENTEEN MILE"
"1","SEVENTEENTH",1,"17"
"2","SEVENTEENTH",15,"17"
"1","SEVENTH",1,"7"
"2","SEVENTH",15,"7"
"1","SEVENTIETH",1,"70"
"2","SEVENTIETH",15,"70"
"1","SEVENTY",0,"70"
"2","SEVENTY",1,"70"
"1","SEVENTY EIGHT",0,"78"
"2","SEVENTY EIGHT",1,"78"
"1","SEVENTY EIGHTH",1,"78"
"2","SEVENTY EIGHTH",15,"78"
"1","SEVENTY FIFTH",1,"75"
"2","SEVENTY FIFTH",15,"75"
"1","SEVENTY FIRST",1,"71"
"2","SEVENTY FIRST",15,"71"
"1","SEVENTY FIVE",0,"75"
"2","SEVENTY FIVE",1,"75"
"1","SEVENTY FOUR",0,"74"
"2","SEVENTY FOUR",1,"74"
"1","SEVENTY FOURTH",1,"74"
"2","SEVENTY FOURTH",15,"74"
"1","SEVENTY NINE",0,"79"
"2","SEVENTY NINE",1,"79"
"1","SEVENTY NINTH",1,"79"
"2","SEVENTY NINTH",15,"79"
"1","SEVENTY ONE",0,"71"
"2","SEVENTY ONE",1,"71"
"1","SEVENTY SECOND",1,"72"
"2","SEVENTY SECOND",15,"72"
"1","SEVENTY SEVEN",0,"77"
"2","SEVENTY SEVEN",1,"77"
"1","SEVENTY SEVENTH",1,"77"
"2","SEVENTY SEVENTH",15,"77"
"1","SEVENTY SIX",0,"76"
"2","SEVENTY SIX",1,"76"
"1","SEVENTY SIXTH",1,"76"
"2","SEVENTY SIXTH",15,"76"
"1","SEVENTY THIRD",1,"73"
"2","SEVENTY THIRD",15,"73"
"1","SEVENTY THREE",0,"73"
"2","SEVENTY THREE",1,"73"
"1","SEVENTY TWO",0,"72"
"2","SEVENTY TWO",1,"72"
"1","SH",24,"SHOPPING CENTER"
"1","SH CTR",24,"SHOPPING CENTER"
"1","SHC",24,"SHOPPING CENTER"
"1","SHL",1,"SHOAL"
"1","SHLS",1,"SHOALS"
"1","SHOAL",1,"SHOAL"
"1","SHOALS",1,"SHOALS"
"1","SHOP",24,"SHOPPING CENTER"
"1","SHOP CEN",24,"SHOPPING CENTER"
"1","SHOP CENTER",24,"SHOPPING CENTER"
"1","SHOP CTR",24,"SHOPPING CENTER"
"1","SHOP MALL",24,"MALL"
"1","SHOP MART",24,"SHOPPING MART"
"1","SHOP N SAVE",24,"SHOPPING CENTER"
"1","SHOP PLZ",24,"PLAZA"
"1","SHOP SQ",24,"SHOPPING SQUARE"
"1","SHOPETTE",24,"SHOPPING CENTER"
"1","SHOPPERS",24,"SHOPPING CENTER"
"1","SHOPPES",24,"SHOPPING CENTER"
"1","SHOPPETTE",24,"SHOPPING CENTER"
"1","SHOPPING",24,"SHOPPING CENTER"
"1","SHOPPING CENT",24,"SHOPPING CENTER"
"1","SHOPPING CENTE",24,"SHOPPING CENTER"
"1","SHOPPING CENTER",24,"SHOPPING CENTER"
"1","SHOPPING CNTR",24,"SHOPPING CENTER"
"1","SHOPPING CTR",24,"SHOPPING CENTER"
"1","SHOPPING MALL",24,"MALL"
"1","SHOPPING PARK",24,"SHOPPING CENTER"
"1","SHOPPING PLAZA",24,"PLAZA"
"1","SHOPS",24,"SHOPPING CENTER"
"1","SHORE",1,"SHORE"
"1","SHP",24,"SHOPPING CENTER"
"1","SHP CENTER",24,"SHOPPING CENTER"
"1","SHP CT",24,"SHOPPING CENTER"
"1","SHP CTR",24,"SHOPPING CENTER"
"1","SHP ML",24,"MALL"
"1","SHP PL",24,"PLAZA"
"1","SHPCT",24,"SHOPPING CENTER"
"1","SHPG",24,"SHOPPING CENTER"
"1","SHPG CENTER",24,"SHOPPING CENTER"
"1","SHPG CNTR",24,"SHOPPING CENTER"
"1","SHPG CTR",24,"SHOPPING CENTER"
"1","SHPML",24,"MALL"
"1","SHPPL",24,"PLAZA"
"1","SHR",1,"SHORE"
"1","SIDE",17,"SIDE"
"2","SIDE",1,"SIDE"
"1","SIDE ROAD",2,"SIDE ROAD"
"1","SITE",19,"SITE"
"2","SITE",1,"SITE"
"1","SIX",0,"6"
"2","SIX",1,"6"
"1","SIX MILE",1,"SIX MILE"
"1","SIXTEEN",0,"16"
"2","SIXTEEN",1,"16"
"1","SIXTEEN MILE",1,"SIXTEEN MILE"
"1","SIXTEENTH",1,"16"
"2","SIXTEENTH",15,"16"
"1","SIXTH",1,"6"
"2","SIXTH",15,"6"
"1","SIXTIETH",1,"60"
"2","SIXTIETH",15,"60"
"1","SIXTY",0,"60"
"2","SIXTY",1,"60"
"1","SIXTY EIGHT",0,"68"
"2","SIXTY EIGHT",1,"68"
"1","SIXTY EIGHTH",1,"68"
"2","SIXTY EIGHTH",15,"68"
"1","SIXTY FIFTH",1,"65"
"2","SIXTY FIFTH",15,"65"
"1","SIXTY FIRST",1,"61"
"2","SIXTY FIRST",15,"61"
"1","SIXTY FIVE",0,"65"
"2","SIXTY FIVE",1,"65"
"1","SIXTY FOUR",0,"64"
"2","SIXTY FOUR",1,"64"
"1","SIXTY FOURTH",1,"64"
"2","SIXTY FOURTH",15,"64"
"1","SIXTY NINE",0,"69"
"2","SIXTY NINE",1,"69"
"1","SIXTY NINTH",1,"69"
"2","SIXTY NINTH",15,"69"
"1","SIXTY ONE",0,"61"
"2","SIXTY ONE",1,"61"
"1","SIXTY SECOND",1,"62"
"2","SIXTY SECOND",15,"62"
"1","SIXTY SEVEN",0,"67"
"2","SIXTY SEVEN",1,"67"
"1","SIXTY SEVENTH",1,"67"
"2","SIXTY SEVENTH",15,"67"
"1","SIXTY SIX",0,"66"
"2","SIXTY SIX",1,"66"
"1","SIXTY SIXTH",1,"66"
"2","SIXTY SIXTH",15,"66"
"1","SIXTY THIRD",1,"63"
"2","SIXTY THIRD",15,"63"
"1","SIXTY THREE",0,"63"
"2","SIXTY THREE",1,"63"
"1","SIXTY TWO",0,"62"
"2","SIXTY TWO",1,"62"
"1","SKWY",2,"SKYWAY"
"1","SKYWAY",2,"SKYWAY"
"1","SLIP",16,"SLIP"
"2","SLIP",1,"SLIP"
"1","SM",24,"MALL"
"1","SMT",1,"SUMMIT"
"2","SMT",24,"SHOPPING MART"
"1","SNDR",2,"SENDERO"
"1","SO",22,"SOUTH"
"1","SOTA",16,"SOTANO"
"2","SOTA",1,"SOTA"
"1","SOTAN",16,"SOTANO"
"1","SOTANO",16,"SOTANO"
"1","SOUS SOL",17,"SOUS SOL"
"1","SOUTH",22,"SOUTH"
"1","SOUTH EAST",22,"SOUTHEAST"
"1","SOUTH WEST",22,"SOUTHWEST"
"1","SOUTHBOUND",1,"SOUTHBOUND"
"2","SOUTHBOUND",3,"SOUTHBOUND"
"1","SOUTHEAST",22,"SOUTHEAST"
"1","SOUTHWEST",22,"SOUTHWEST"
"1","SP",16,"SPACE"
"2","SP",24,"SHOPPING PLAZA"
"1","SPACE",16,"SPACE"
"2","SPACE",1,"SPACE"
"1","SPC",16,"SPACE"
"1","SPDWY",2,"SPEEDWAY"
"1","SPEEDWAY",2,"SPEEDWAY"
"1","SPG",1,"SPRING"
"1","SPGS",1,"SPRING"
"1","SPR",1,"SPRING"
"1","SPRG",1,"SPRING"
"1","SPRING",1,"SPRING"
"1","SPRINGS",1,"SPRING"
"1","SPUR",3,"SPUR"
"2","SPUR",2,"SPUR"
"3","SPUR",1,"SPUR"
"1","SPURNGS",1,"SPUR"
"1","SQ",2,"SQUARE"
"2","SQ",24,"SQUARE"
"1","SQR",2,"SQUARE"
"2","SQR",24,"SQUARE"
"1","SQU",2,"SQUARE"
"2","SQU",24,"SQUARE"
"1","SQUARE",2,"SQUARE"
"2","SQUARE",24,"SQUARE"
"1","SQURE",2,"SQUARE"
"2","SQURE",24,"SQUARE"
"1","SR",6,"STAR ROUTE"
"2","SR",8,"STAR ROUTE"
"3","SR",1,"STAR ROUTE"
"4","SR",2,"SIDE ROAD"
"1","SRA",8,"RURAL ROUTE"
"1","SRV RD",2,"SERVICE ROAD"
"1","SRV RTE",2,"SERVICE ROUTE"
"1","SRVC",2,"SERVICE ROAD"
"1","SRVRD",2,"SERVICE ROAD"
"1","SRVRTE",2,"SERVICE ROAD"
"1","SS",8,"SUBURBAN SERVICE"
"1","ST",2,"STREET"
"2","ST",1,"SAINT"
"1","ST HI",6,"STATE HIGHWAY"
"1","ST HIGHWAY",6,"STATE HIGHWAY"
"1","ST HWY",6,"STATE HIGHWAY"
"1","ST HY",6,"STATE HIGHWAY"
"1","ST R",6,"STAR ROUTE"
"2","ST R",8,"STAR ROUTE"
"1","ST RD",6,"STATE ROAD"
"1","ST ROAD",6,"STATE ROAD"
"1","ST ROUTE",6,"STATE ROUTE"
"2","ST ROUTE",8,"STAR ROUTE"
"1","ST RT",6,"STATE ROUTE"
"2","ST RT",8,"STAR ROUTE"
"1","ST RTE",6,"STATE ROUTE"
"2","ST RTE",8,"STAR ROUTE"
"1","STA",2,"STATION"
"2","STA",24,"STATION"
"3","STA",1,"STATION"
"1","STALL",16,"STALL"
"2","STALL",1,"STALL"
"1","STAR ROUTE",8,"STAR ROUTE"
"1","STAR RT",8,"STAR ROUTE"
"1","STAT",2,"STATION"
"2","STAT",24,"STATION"
"3","STAT",1,"STATION"
"1","STATE",1,"STATE"
"2","STATE",6,"STATE ROAD"
"1","STATE HI",6,"STATE HIGHWAY"
"1","STATE HIGHWAY",6,"STATE HIGHWAY"
"1","STATE HWY",6,"STATE HIGHWAY"
"1","STATE HY",6,"STATE HIGHWAY"
"1","STATE RD",6,"STATE ROAD"
"1","STATE ROAD",6,"STATE ROAD"
"1","STATE ROUTE",6,"STATE ROUTE"
"1","STATE RT",6,"STATE ROUTE"
"1","STATE RTE",6,"STATE ROUTE"
"1","STATION",2,"STATION"
"2","STATION",24,"STATION"
"3","STATION",1,"STATION"
"1","STATION FORCES",24,"STATION FORCES"
"1","STATN",2,"STATION"
"2","STATN",24,"STATION"
"3","STATN",1,"STATION"
"1","STE",16,"SUITE"
"2","STE",1,"SAINTE"
"1","STES",24,"SUITES"
"1","STH",22,"SOUTH"
"1","STHW",6,"STATE HIGHWAY"
"1","STHWY",6,"STATE HIGHWAY"
"1","STHY",6,"STATE HIGHWAY"
"1","STLL",16,"STALL"
"1","STN",2,"STATION"
"2","STN",24,"STATION"
"3","STN",1,"STATION"
"1","STN FORCES",24,"STATION FORCES"
"1","STOP",16,"STOP"
"2","STOP",1,"STOP"
"1","STOP & SHOP",24,"SHOPPING CENTER"
"1","STOP & SHOP CTR",24,"SHOPPING CENTER"
"1","STOR",16,"STORE"
"2","STOR",1,"STORE"
"1","STORE",16,"STORE"
"2","STORE",1,"STORE"
"3","STORE",24,"SHOPPING CENTER"
"1","STORES",24,"SHOPPING CENTER"
"1","STR",2,"STREET"
"1","STRA",2,"STRAVENUE"
"1","STRAV",2,"STRAVENUE"
"1","STRAVE",2,"STRAVENUE"
"1","STRAVEN",2,"STRAVENUE"
"1","STRAVENUE",2,"STRAVENUE"
"1","STRAVN",2,"STRAVENUE"
"1","STRD",2,"STATE ROAD"
"1","STREAM",1,"STREAM"
"1","STREET",2,"STREET"
"1","STREETS",1,"STREETS"
"1","STRIP",1,"STRIP"
"2","STRIP",2,"STRIP"
"1","STRM",1,"STREAM"
"1","STRP",1,"STRIP"
"2","STRP",2,"STRIP"
"1","STRT",6,"STAR ROUTE"
"2","STRT",8,"STAR ROUTE"
"1","STRVN",2,"STRAVENUE"
"1","STRVNUE",2,"STRAVENUE"
"1","STS",1,"STREETS"
"1","STUDIO",16,"STUDIO"
"2","STUDIO",1,"STUDIO"
"1","SU",16,"SUITE"
"1","SUBD",1,"SUBDIVISION"
"2","SUBD",2,"SUBDIVISION"
"1","SUBDIV",1,"SUBDIVISION"
"2","SUBDIV",2,"SUBDIVISION"
"1","SUBDIVISION",1,"SUBDIVISION"
"2","SUBDIVISION",2,"SUBDIVISION"
"1","SUBURBAN ROUTE",8,"RURAL ROUTE"
"1","SUBURBAN RT",8,"RURAL ROUTE"
"1","SUBURBAN RTE",8,"RURAL ROUTE"
"1","SUBURBAN SERVICE",8,"SUBURBAN SERVICE"
"1","SUD",22,"SUD"
"1","SUD EST",22,"SUD EST"
"1","SUD OUEST",22,"SUD OUEST"
"1","SUDEST",22,"SUD EST"
"1","SUDOUEST",22,"SUD OUEST"
"1","SUIT",16,"SUITE"
"2","SUIT",1,"SUITE"
"1","SUITE",16,"SUITE"
"1","SUITES",16,"SUITES"
"2","SUITES",24,"SUITES"
"1","SUMMIT",1,"SUMMIT"
"1","SUR",22,"SOUTH"
"1","SV RTE",2,"SERVICE ROUTE"
"1","SVC RD",2,"SERVICE ROAD"
"1","SVRD",2,"SERVICE ROAD"
"1","SW",22,"SOUTHWEST"
"1","SWP",1,"SWAMP"
"1","TANK TRAIL",2,"TANK TRAIL"
"1","TEN",1,"10"
"2","TEN",0,"10"
"1","TEN MILE",1,"TEN MILE"
"1","TENTH",1,"10"
"2","TENTH",15,"10"
"1","TER",2,"TERRACE"
"1","TERM",1,"TERMINAL"
"2","TERM",2,"TERMINAL"
"1","TERMINAL",1,"TERMINAL"
"2","TERMINAL",2,"TERMINAL"
"1","TERR",2,"TERRACE"
"1","TERRASSE",2,"TERRASSE"
"2","TERRASSE",1,"TERRASSE"
"1","TFWY",2,"TRAFFICWAY"
"1","THE",7,"THE"
"1","THFR",2,"THOROUGHFARE"
"1","THICKET",1,"THICKET"
"2","THICKET",2,"THICKET"
"1","THIRD",1,"3"
"2","THIRD",15,"3"
"1","THIRTEEN",0,"13"
"2","THIRTEEN",1,"13"
"1","THIRTEEN MILE",1,"THIRTEEN MILE"
"1","THIRTEENTH",1,"13"
"2","THIRTEENTH",15,"13"
"1","THIRTIETH",1,"30"
"2","THIRTIETH",15,"30"
"1","THIRTY",0,"30"
"2","THIRTY",1,"30"
"1","THIRTY EIGHT",0,"38"
"2","THIRTY EIGHT",1,"38"
"1","THIRTY EIGHTH",1,"38"
"2","THIRTY EIGHTH",15,"38"
"1","THIRTY FIFTH",1,"35"
"2","THIRTY FIFTH",15,"35"
"1","THIRTY FIRST",1,"31"
"2","THIRTY FIRST",15,"31"
"1","THIRTY FIVE",0,"35"
"2","THIRTY FIVE",1,"35"
"1","THIRTY FOURTH",1,"34"
"2","THIRTY FOURTH",15,"34"
"1","THIRTY FOUR",0,"34"
"2","THIRTY FOUR",1,"34"
"1","THIRTY NINE",0,"39"
"2","THIRTY NINE",1,"39"
"1","THIRTY NINTH",1,"39"
"2","THIRTY NINTH",15,"39"
"1","THIRTY ONE",0,"31"
"2","THIRTY ONE",1,"31"
"1","THIRTY SECOND",1,"32"
"2","THIRTY SECOND",15,"32"
"1","THIRTY SEVEN",0,"37"
"2","THIRTY SEVEN",1,"37"
"1","THIRTY SEVENTH",1,"37"
"2","THIRTY SEVENTH",15,"37"
"1","THIRTY SIX",0,"36"
"2","THIRTY SIX",1,"36"
"1","THIRTY SIXTH",1,"36"
"2","THIRTY SIXTH",15,"36"
"1","THIRTY THIRD",1,"33"
"2","THIRTY THIRD",15,"33"
"1","THIRTY THREE",0,"33"
"2","THIRTY THREE",1,"33"
"1","THIRTY TWO",0,"32"
"2","THIRTY TWO",1,"32"
"1","THORO",2,"THOROUGHFARE"
"1","THOROFARE",2,"THOROUGHFARE"
"1","THOROUGHFARE",2,"THOROUGHFARE"
"1","THREE",0,"3"
"2","THREE",1,"3"
"1","THREE MILE",1,"THREE MILE"
"1","THROUGHWAY",2,"THROUGHWAY"
"1","THRUWAY",2,"THROUGHWAY"
"1","THWY",2,"THROUGHWAY"
"1","TK TRL",2,"TANK TRAIL"
"1","TKTRL",2,"TANK TRAIL"
"1","TL",2,"TRAIL"
"1","TLINE",2,"TOWNLINE"
"1","TLR",16,"TRAILER"
"1","TLR COURT",24,"TRAILER PARK"
"1","TLR CRT",24,"TRAILER PARK"
"1","TLR CT",24,"TRAILER PARK"
"1","TLR PARK",24,"TRAILER PARK"
"1","TLR PK",24,"TRAILER PARK"
"1","TLR PRK",24,"TRAILER PARK"
"1","TNPK",2,"TURNPIKE"
"1","TNPKE",2,"TURNPIKE"
"1","TOP",17,"TOP"
"2","TOP",1,"TOP"
"1","TOWER",24,"TOWERS"
"2","TOWER",19,"TOWER"
"3","TOWER",1,"TOWER"
"1","TOWERS",24,"TOWERS"
"2","TOWERS",19,"TOWERS"
"3","TOWERS",2,"TOWERS"
"4","TOWERS",1,"TOWERS"
"1","TOWN HIGHWAY",2,"TOWN HIGHWAY"
"2","TOWN HIGHWAY",6,"TOWN HIGHWAY"
"1","TOWN HWY",2,"TOWN HIGHWAY"
"2","TOWN HWY",6,"TOWN HIGHWAY"
"1","TOWN RD",2,"TOWN ROAD"
"2","TOWN RD",6,"TOWN ROAD"
"1","TOWN ROAD",2,"TOWN ROAD"
"2","TOWN ROAD",6,"TOWN ROAD"
"1","TOWNHOME",24,"TOWNHOUSE"
"1","TOWNHOMES",24,"TOWNHOUSE"
"1","TOWNHOUSE",24,"TOWNHOUSE"
"1","TOWNHOUSES",24,"TOWNHOUSE"
"1","TOWNLINE",2,"TOWNLINE"
"1","TOWNSHIP HIGHWAY",6,"TOWNSHIP HIGHWAY"
"1","TOWNSHIP HIWAY",6,"TOWNSHIP HIGHWAY"
"1","TOWNSHIP HWY",6,"TOWNSHIP HIGHWAY"
"1","TOWNSHIP RD",6,"TOWNSHIP ROAD"
"1","TOWNSHIP ROAD",6,"TOWNSHIP ROAD"
"1","TP",24,"TRAILER PARK"
"1","TPK",2,"TURNPIKE"
"2","TPK",6,"TURNPIKE"
"1","TPKE",2,"TURNPIKE"
"2","TPKE",6,"TURNPIKE"
"1","TR",6,"TOWNSHIP ROAD"
"2","TR",2,"TRAIL"
"1","TR COURT",24,"TRAILER PARK"
"1","TR CRT",24,"TRAILER PARK"
"1","TR CT",24,"TRAILER PARK"
"1","TR PARK",24,"TRAILER PARK"
"1","TR PK",24,"TRAILER PARK"
"1","TR PRK",24,"TRAILER PARK"
"1","TR VILLAGE",24,"TRAILER PARK"
"1","TR VLG",24,"TRAILER PARK"
"1","TRACE",1,"TRACE"
"2","TRACE",2,"TRACE"
"1","TRACK",1,"TRACK"
"1","TRAFFICWAY",2,"TRAFFICWAY"
"1","TRAIL",2,"TRAIL"
"2","TRAIL",1,"TRAIL"
"1","TRAILER",16,"TRAILER"
"2","TRAILER",24,"TRAILER"
"1","TRAILER COURT",24,"TRAILER PARK"
"1","TRAILER CRT",24,"TRAILER PARK"
"1","TRAILER CT",24,"TRAILER PARK"
"1","TRAILER PARK",24,"TRAILER PARK"
"1","TRAILER PK",24,"TRAILER PARK"
"1","TRAILER PRK",24,"TRAILER PARK"
"1","TRAILER VILLAGE",24,"TRAILER PARK"
"1","TRAILER VLG",24,"TRAILER PARK"
"1","TRAILERCOURT",24,"TRAILER PARK"
"1","TRAILERPARK",24,"TRAILER PARK"
"1","TRAILERS",24,"TRAILER PARK"
"1","TRAILS",2,"TRAIL"
"1","TRAK",1,"TRACK"
"1","TRANS CANADA",6,"TRANS CANADA"
"2","TRANS CANADA",1,"TRANS CANADA"
"1","TRANSCANADA",6,"TRANS CANADA"
"2","TRANSCANADA",1,"TRANS CANADA"
"1","TRCE",1,"TRACE"
"2","TRCE",2,"TRACE"
"1","TRCRT",24,"TRAILER PARK"
"1","TRCT",24,"TRAILER PARK"
"1","TRL",2,"TRAIL"
"1","TRL COURT",24,"TRAILER PARK"
"1","TRL CRT",24,"TRAILER PARK"
"1","TRL CT",24,"TRAILER PARK"
"1","TRL PARK",24,"TRAILER PARK"
"1","TRL PK",24,"TRAILER PARK"
"1","TRL PRK",24,"TRAILER PARK"
"1","TRL VILLAGE",24,"TRAILER PARK"
"1","TRL VLG",24,"TRAILER PARK"
"1","TRLCRT",24,"TRAILER PARK"
"1","TRLCT",24,"TRAILER PARK"
"1","TRLPK",24,"TRAILER PARK"
"1","TRLPRK",24,"TRAILER PARK"
"1","TRLR",16,"TRAILER"
"2","TRLR",24,"TRAILER"
"1","TRLR COURT",24,"TRAILER PARK"
"1","TRLR CRT",24,"TRAILER PARK"
"1","TRLR CT",24,"TRAILER PARK"
"1","TRLR PARK",24,"TRAILER PARK"
"1","TRLR PK",24,"TRAILER PARK"
"1","TRLR PRK",24,"TRAILER PARK"
"1","TRLR VILLAGE",24,"TRAILER PARK"
"1","TRLR VLG",24,"TRAILER PARK"
"1","TRNABT",2,"TURNABOUT"
"1","TRNPK",2,"TURNPIKE"
"1","TROIS",1,"3"
"2","TROIS",0,"3"
"1","TROISIEME",1,"TROISIEME"
"1","TRPK",24,"TRAILER PARK"
"1","TRPRK",24,"TRAILER PARK"
"1","TSSE",2,"TERRASSE"
"2","TSSE",1,"TERRASEE"
"1","TUN",2,"TUNNEL"
"1","TUNEL",2,"TUNEL"
"1","TUNL",2,"TUNEL"
"1","TUNNEL",2,"TUNNEL"
"1","TURNABOUT",2,"TURNABOUT"
"1","TURN",2,"TURNPIKE"
"2","TURN",6,"TURNPIKE"
"1","TURNPIKE",2,"TURNPIKE"
"2","TURNPIKE",6,"TURNPIKE"
"1","TURNPK",2,"TURNPIKE"
"2","TURNPK",6,"TURNPIKE"
"1","TW HY",6,"TOWNSHIP HIGHWAY"
"1","TW RD",6,"TOWNSHIP ROAD"
"1","TWELFTH",1,"12"
"2","TWELFTH",15,"12"
"1","TWELVE",0,"12"
"2","TWELVE",1,"12"
"1","TWELVE MILE",1,"TWELVE MILE"
"1","TWENTIETH",1,"20"
"2","TWENTIETH",15,"20"
"1","TWENTY",0,"20"
"2","TWENTY",1,"20"
"1","TWENTY EIGHT",0,"28"
"2","TWENTY EIGHT",1,"28"
"1","TWENTY EIGHTH",1,"28"
"2","TWENTY EIGHTH",15,"28"
"1","TWENTY FIRST",1,"21"
"2","TWENTY FIRST",15,"21"
"1","TWENTY FIFTH",1,"25"
"2","TWENTY FIFTH",15,"25"
"1","TWENTY FIVE",0,"25"
"2","TWENTY FIVE",1,"25"
"1","TWENTY FOURTH",1,"24"
"2","TWENTY FOURTH",15,"24"
"1","TWENTY FOUR",0,"24"
"2","TWENTY FOUR",1,"24"
"1","TWENTY MILE",1,"TWENTY MILE"
"1","TWENTY NINE",0,"29"
"2","TWENTY NINE",1,"29"
"1","TWENTY NINTH",1,"29"
"2","TWENTY NINTH",15,"29"
"1","TWENTY ONE",0,"21"
"2","TWENTY ONE",1,"21"
"1","TWENTY SECOND",1,"22"
"2","TWENTY SECOND",15,"22"
"1","TWENTY SEVEN",0,"27"
"2","TWENTY SEVEN",1,"27"
"1","TWENTY SEVENTH",1,"27"
"2","TWENTY SEVENTH",15,"27"
"1","TWENTY SIX",0,"26"
"2","TWENTY SIX",1,"26"
"1","TWENTY SIXTH",1,"26"
"2","TWENTY SIXTH",15,"26"
"1","TWENTY THIRD",1,"23"
"2","TWENTY THIRD",15,"23"
"1","TWENTY THREE",0,"23"
"2","TWENTY THREE",1,"23"
"1","TWENTY THREE MILE",1,"TWENTY THREE MILE"
"1","TWENTY TWO",0,"22"
"2","TWENTY TWO",1,"22"
"1","TWHY",6,"TOWNSHIP HIGHWAY"
"1","TWNH",24,"TOWNHOUSE"
"1","TWNHS",24,"TOWNHOUSE"
"1","TWNHWY",2,"TOWN HIGHWAY"
"2","TWNHWY",6,"TOWN HIGHWAY"
"1","TWNRD",2,"TOWN ROAD"
"2","TWNRD",6,"TOWN ROAD"
"1","TWO",0,"2"
"2","TWO",1,"2"
"1","TWO MILE",1,"TWO MILE"
"1","TWP",1,"TOWNSHIP"
"2","TWP",6,"TOWNSHIP HIGHWAY"
"1","TWP HIGHWAY",6,"TOWNSHIP HIGHWAY"
"1","TWP HIWAY",6,"TOWNSHIP HIGHWAY"
"1","TWP HWY",6,"TOWNSHIP HIGHWAY"
"1","TWP HY",6,"TOWNSHIP HIGHWAY"
"1","TWP RD",6,"TOWNSHIP ROAD"
"1","TWP ROAD",6,"TOWNSHIP ROAD"
"1","TWPHWY",6,"TOWNSHIP HIGHWAY"
"1","TWPHY",6,"TOWNSHIP HIGHWAY"
"1","TWPRD",6,"TOWNSHIP ROAD"
"1","TWPROAD",6,"TOWNSHIP ROAD"
"1","TWR",24,"TOWER"
"2","TWR",19,"TOWER"
"1","TWRD",6,"TOWNSHIP ROAD"
"1","TWRS",24,"TOWERS"
"2","TWRS",19,"TOWERS"
"3","TWRS",2,"TOWERS"
"1","U",1,"UNIVERSITY"
"2","U",18,"U"
"1","U S",6,"US ROUTE"
"1","U S HGWY",6,"US HIGHWAY"
"1","U S HIGHWAY",6,"US HIGHWAY"
"1","U S HIWAY",6,"US HIGHWAY"
"1","U S HWY",6,"US HIGHWAY"
"1","U S HY",6,"US HIGHWAY"
"1","U S ROUTE",6,"US ROUTE"
"1","U S RT",6,"US ROUTE"
"1","U S RTE",6,"US ROUTE"
"1","UN",1,"UNION"
"1","UN RD",2,"UNNAMED ROAD"
"1","UNDERPASS",2,"UNDERPASS"
"1","UNI",1,"UNIVERSITY"
"1","UNION",1,"UNION"
"1","UNIT",16,"UNIT"
"1","UNITE",16,"UNITE"
"1","UNITED STATES HIGHWAY",6,"US HIGHWAY"
"1","UNITED STATES HWY",6,"US HIGHWAY"
"1","UNITED STATES LOOP",6,"US LOOP"
"1","UNIV",1,"UNIVERSITY"
"2","UNIV",24,"UNIVERSITY"
"1","UNIVD",1,"UNIVERSITY"
"2","UNIVD",24,"UNIVERSITY"
"1","UNIVERSIDAD",1,"UNIVERSIDAD"
"2","UNIVERSIDAD",24,"UNIVERSIDAD"
"1","UNIVERSITY",1,"UNIVERSITY"
"2","UNIVERSITY",24,"UNIVERSITY"
"3","UNIVERSITY",19,"UNIVERSITY"
"1","UNNAMED ROAD",2,"UNNAMED ROAD"
"1","UNP",2,"UNDERPASS"
"1","UNPS",2,"UNDERPASS"
"1","UNRD",2,"UNNAMED ROAD"
"1","UNT",16,"UNIT"
"1","UP",17,"UP"
"2","UP",1,"UP"
"1","UPPER",1,"UPPER"
"2","UPPER",17,"UPPER"
"1","UPPR",1,"UPPER"
"2","UPPR",17,"UPPER"
"1","UPSTAIRS",17,"UPSTAIRS"
"1","US",6,"US ROUTE"
"1","US FOREST SERVICE ROAD",6,"US FOREST SERVICE ROAD"
"1","US HGWY",6,"US HIGHWAY"
"1","US HIGHWAY",6,"US HIGHWAY"
"1","US HIWAY",6,"US HIGHWAY"
"1","US HWY",6,"US HIGHWAY"
"1","US HY",6,"US HIGHWAY"
"1","US LOOP",6,"US LOOP"
"1","US LP",6,"US LOOP"
"1","US ROUTE",6,"US ROUTE"
"1","US RT",6,"US ROUTE"
"1","US RTE",6,"US ROUTE"
"1","USFS RD",6,"US FOREST SERVICE RD"
"1","USFSR",6,"US FOREST SERVICE RD"
"1","USHW",6,"US HIGHWAY"
"1","USHWY",6,"US HIGHWAY"
"1","USHY",6,"US HIGHWAY"
"1","USLP",6,"US LOOP"
"1","USROUTE",6,"US ROUTE"
"1","USRT",6,"US ROUTE"
"1","USRTE",6,"US ROUTE"
"1","VAL",1,"VALLEY"
"1","VALL",1,"VALLEY"
"1","VALLEY",1,"VALLEY"
"1","VALLY",1,"VALLEY"
"1","VER",2,"VEREDA"
"1","VEREDA",2,"VEREDA"
"2","VI",2,"VIA"
"1","VIA",2,"VIA"
"1","VIADUCT",1,"VIADUCT"
"1","VIEW",1,"VIEW"
"2","VIEW",2,"VIEW"
"1","VILL",2,"VILLAGE"
"2","VILL",24,"VILLAGE"
"3","VILL",1,"VILLAGE"
"1","VILLA",2,"VILLA"
"2","VILLA",24,"VILLA"
"3","VILLA",1,"VILLA"
"1","VILLAG",2,"VILLAGE"
"2","VILLAG",24,"VILLAGE"
"3","VILLAG",1,"VILLAGE"
"1","VILLAGE",2,"VILLAGE"
"2","VILLAGE",24,"VILLAGE"
"3","VILLAGE",1,"VILLAGE"
"1","VILLAS",24,"VILLA"
"1","VILLE",1,"VILLE"
"1","VILLG",2,"VILLAGE"
"2","VILLG",24,"VILLAGE"
"3","VILLG",1,"VILLAGE"
"1","VILLGE",2,"VILLAGE"
"1","VILLIAGE",2,"VILLAGE"
"2","VILLIAGE",24,"VILLAGE"
"3","VILLIAGE",1,"VILLAGE"
"1","VIS",1,"VISTA"
"2","VIS",2,"VISTA"
"1","VISTA",1,"VISTA"
"2","VISTA",2,"VISTA"
"1","VIVI",24,"VIVIENDA"
"1","VIVIENDA",24,"VIVIENDA"
"1","VL",1,"VILLE"
"2","VL",2,"VILLAGE"
"1","VLG",2,"VILLAGE"
"2","VLG",24,"VILLAGE"
"3","VLG",1,"VILLAGE"
"1","VLGE",2,"VILLAGE"
"2","VLGE",24,"VILLAGE"
"3","VLGE",1,"VILLAGE"
"1","VLLA",2,"VILLA"
"2","VLLA",24,"VILLA"
"1","VLY",1,"VALLEY"
"1","VOIE",2,"VOIE"
"1","VRDA",2,"VEREDA"
"1","VW",1,"VIEW"
"2","VW",2,"VIEW"
"1","W",22,"WEST"
"2","W",18,"W"
"1","WALK",2,"WALK"
"1","WALKWAY",2,"WALKWAY"
"1","WALKWY",2,"WALKWAY"
"1","WALL",2,"WALL"
"1","WAREHOUSE",24,"WAREHOUSE"
"2","WAREHOUSE",1,"WAREHOUSE"
"1","WATERWAY",1,"WATERWAY"
"1","WAY",2,"WAY"
"1","WD",2,"WYND"
"1","WDS",1,"WOODS"
"1","WE",22,"WEST"
"1","WELLS",1,"WELLS"
"1","WEST",22,"WEST"
"1","WESTBOUND",1,"WESTBOUND"
"2","WESTBOUND",3,"WESTBOUND"
"1","WHARF",1,"WHARF"
"2","WHARF",2,"WHARF"
"1","WHF",1,"WHARF"
"2","WHF",2,"WHARF"
"1","WHS",24,"WAREHOUSE"
"2","WHS",1,"WAREHOUSE"
"1","WILDLIFE MGMT AREA",1,"WILDLIFE AREA"
"1","WK",2,"WALK"
"1","WKWY",2,"WALKWAY"
"1","WLKWY",2,"WALKWAY"
"1","WLS",1,"WELLS"
"1","WMA",1,"WILDLIFE AREA"
"1","WO",2,"WOOD"
"1","WOOD",1,"WOOD"
"2","WOOD",2,"WOOD"
"1","WOODS",1,"WOODS"
"1","WTRWY",1,"WATERWAY"
"1","WWY",1,"WATERWAY"
"1","WY",2,"WAY"
"4","WY",6,"WAY"
"1","WYND",2,"WYND"
"1","XING",2,"CROSSING"
"2","XING",24,"CROSSING"
"1","XRD",2,"CROSSROAD"
"1","XRDS",24,"CROSSROADS"
"1","XWAY",2,"EXPRESSWAY"
"1","XWY",2,"EXPRESSWAY"
"1","YARD",1,"YARD"
"1","YARDS",1,"YARDS"
"1","YD",1,"YARD"
"1","YDS",1,"YARDS"
"1","ZANJA",1,"ZANJA"
"1","ZERO",0,"0"
"1","ZERO",1,"0"
"1","ZNJA",1,"ZANJA"
